Workbook

Sheet Global(excl COCLMX)
A1: 1 | C1: Region:Global
H2: Updated Date | J2: =ID!J2 -> 46000 | L2: =SUMPRODUCT(J4:T4,J12:T12)/10^8 -> 1089.8199
C3: S&R&A Monthly Metrics | F3: =J3 -> 45962 | G3: =K3 -> 45931 | H3: MoM % | J3: 45962 | K3: 45931 | L3: 45901 | M3: 45870 | N3: 45839 | O3: 45809 | P3: 45778 | Q3: 45748 | R3: 45717 | S3: 45689 | T3: 45658 | U3: 45627 | V3: 45597 | W3: 45566 | X3: 45536 | Y3: 45505 | Z3: 45474 | AA3: 45444 | AB3: 45413 | AC3: 45383 | AD3: 45352 | AE3: 45323 | AF3: 45292 | AG3: 45261 | AH3: 45231 | AI3: 45200 | AJ3: 45170 | AK3: 45139 | AL3: 45108 | AM3: 45078 | AN3: 45047 | AO3: 45017 | AP3: 44986 | AQ3: 44958 | AR3: 44927 | AS3: 44896 | AT3: 44866 | AU3: 44835 | AV3: 44805 | AW3: 44774 | AX3: 44743 | AY3: 44713 | AZ3: 44682 | BA3: 44652 | BB3: 44621 | BC3: 44593 | BD3: 44562
J4: =day(EOMONTH(J3,0)) -> 30 | K4: =day(EOMONTH(K3,0)) -> 31 | L4: =day(EOMONTH(L3,0)) -> 30 | M4: =day(EOMONTH(M3,0)) -> 31 | N4: =day(EOMONTH(N3,0)) -> 31 | O4: =day(EOMONTH(O3,0)) -> 30 | P4: =day(EOMONTH(P3,0)) -> 31 | Q4: =day(EOMONTH(Q3,0)) -> 30 | ... T4: =day(EOMONTH(T3,0)) -> 31
D5: UNIT
B6: Platform DAU | C6: Platform DAU | D6: # | F6: =J6 -> 1.5075388e+08 | G6: =K6 -> 1.4702327e+08 | H6: =IFERROR(F6/G6-1,"-") -> 0.025374256 | J6: 1.5075388e+08 | K6: 1.4702327e+08 | L6: 1.4339402e+08 | M6: 1.4134278e+08 | N6: 1.3979223e+08 | O6: 1.3764766e+08 | P6: 1.356248e+08 | Q6: 1.3263935e+08 | R6: 1.3635458e+08 | S6: 1.3320974e+08 | T6: 1.3115546e+08 | U6: 1.3430784e+08 | V6: 1.3155056e+08 | W6: 1.2761181e+08 | X6: 1.2560495e+08 | Y6: 1.2426158e+08 | Z6: 1.2284617e+08 | AA6: 1.1923126e+08 | AB6: 1.1733315e+08 | AC6: 116050325 | AD6: 1.1876644e+08 | AE6: 1.1222874e+08 | AF6: 1.1416651e+08 | AG6: 1.1261293e+08 | AH6: 1.12425e+08 | AI6: 106264477 | AJ6: 1.0110142e+08 | AK6: 97604028 | AL6: 92553756 | AM6: 87099000 | AN6: 87858830 | AO6: 87581349 | AP6: 87683931 | AQ6: 85097285 | AR6: 84234276 | AS6: 87017245 | AT6: 88345852 | AU6: 85789233 | AV6: 86732608 | AW6: 84927886 | AX6: 83031018 | AY6: 81653203 | AZ6: 80257489 | BA6: 82366574 | BB6: 80829064 | BC6: 78184659 | BD6: 76167898
B8: Avg No. of Modules in HP Layout | C8: Buyer | D8: # | F8: =J8 -> 22848272 | G8: =K8 -> 21330354 | H8: =IFERROR(F8/G8-1,"-") -> 0.071162316 | J8: 22848272 | K8: 21330354 | L8: 20592090 | M8: 20143537 | N8: 20321959 | O8: 19867291 | P8: 19155328 | Q8: 18081946 | R8: 19616770 | S8: 18272896 | T8: 17463776 | U8: 18282416 | V8: 17827775 | W8: 16854567 | X8: 16651151 | Y8: 16248783 | Z8: 16067678 | AA8: 15432068 | AB8: 15063566 | AC8: 14605379 | AD8: 16829181 | AE8: 14327271 | AF8: 14887087 | AG8: 14908772 | AH8: 14984239 | AI8: 14420602 | AJ8: 13768077 | AK8: 13463720 | AL8: 12382372 | AM8: 10818861 | AN8: 10326826 | AO8: 10450498 | AP8: 10355062 | AQ8: 9635834.2 | AR8: 9383052.4 | AS8: 9897352.3 | AT8: 9835640.4 | AU8: 9518816.7 | AV8: 10160133 | AW8: 10501366 | AX8: 10498719 | AY8: 4039152.2 | AZ8: 3735740.2 | BA8: 4730740.3 | BB8: 3739082.5 | BC8: 3417895.6 | BD8: 3195191.8
B9: Avg No. of Modules in HP Layout | C9: Buyer% | D9: % | F9: =J9 -> 0.15156009 | G9: =K9 -> 0.14508148 | H9: =IFERROR(F9/G9-1,"-") -> 0.044654973 | J9: 0.15156009 | K9: 0.14508148 | L9: 0.14360495 | M9: 0.1425155 | N9: 0.14537259 | O9: 0.14433439 | P9: 0.14123765 | Q9: 0.13632415 | R9: 0.14386586 | S9: 0.13717388 | T9: 0.13315325 | U9: 0.13612323 | V9: 0.13552033 | W9: 0.13207686 | X9: 0.13256763 | Y9: 0.13076272 | Z9: 0.1307951 | AA9: 0.12942972 | AB9: 0.12838286 | AC9: 0.12585384 | AD9: 0.14169981 | AE9: 0.12766134 | AF9: 0.13039802 | AG9: 0.13238952 | AH9: 0.13328209 | AI9: 0.13570482 | AJ9: 0.13618084 | AK9: 0.13794226 | AL9: 0.13378574 | AM9: 0.12421338 | AN9: 0.11753885 | AO9: 0.11932333 | AP9: 0.11809532 | AQ9: 0.11323316 | AR9: 0.11139233 | AS9: 0.11374013 | AT9: 0.11133109 | AU9: 0.11095584 | AV9: 0.11714317 | AW9: 0.12365039 | AX9: 0.12644334 | AY9: 0.049467161 | AZ9: 0.046546936 | BA9: 0.057435196 | BB9: 0.046259134 | BC9: 0.043715681 | BD9: 0.041949323
B10: Avg No. of Modules in HP Layout | C10: Order | D10: # | F10: =J10 -> 40183473 | G10: =K10 -> 36825405 | H10: =IFERROR(F10/G10-1,"-") -> 0.091188898 | J10: 40183473 | K10: 36825405 | L10: 35344382 | M10: 34385453 | N10: 34637474 | O10: 34115472 | P10: 32196015 | Q10: 30037210 | R10: 33465607 | S10: 30269953 | T10: 28913942 | U10: 30823142 | V10: 29915552 | W10: 27687849 | X10: 27419860 | Y10: 26576347 | Z10: 26403680 | AA10: 25399176 | AB10: 24664328 | AC10: 23743584 | AD10: 28166924 | AE10: 23206770 | AF10: 24242432 | AG10: 24671680 | AH10: 24986840 | AI10: 23734881 | AJ10: 22366999 | AK10: 21768550 | AL10: 20286892 | AM10: 17704705 | AN10: 16428382 | AO10: 17073801 | AP10: 16672848 | AQ10: 15210721 | AR10: 14776304 | AS10: 16026655 | AT10: 15894468 | AU10: 15144487 | AV10: 16461134 | AW10: 17349756 | AX10: 17720254 | AY10: 6851324.1 | AZ10: 6154880.5 | BA10: 8594126.4 | BB10: 6538882.5 | BC10: 5785703.7 | BD10: 5313141.8
C11: Order/U | D11: # | F11: =J11 -> 0.26655017 | G11: =K11 -> 0.2504733 | H11: =IFERROR(F11/G11-1,"-") -> 0.06418597 | J11: 0.26655017 | K11: 0.2504733 | L11: 0.24648436 | M11: 0.24327705 | N11: 0.24777824 | O11: 0.24784637 | P11: 0.23739032 | Q11: 0.22645777 | R11: 0.24543075 | S11: 0.22723529 | T11: 0.2204555 | U11: 0.22949622 | V11: 0.22740725 | W11: 0.21696933 | X11: 0.21830238 | Y11: 0.21387421 | Z11: 0.21493286 | AA11: 0.21302447 | AB11: 0.21020767 | AC11: 0.2045973 | AD11: 0.23716233 | AE11: 0.20678099 | AF11: 0.21234276 | AG11: 0.2190839 | AH11: 0.22225341 | AI11: 0.22335668 | AJ11: 0.22123328 | AK11: 0.22302922 | AL11: 0.21919037 | AM11: 0.20327105 | AN11: 0.18698612 | AO11: 0.19494791 | AP11: 0.19014713 | AQ11: 0.17874508 | AR11: 0.17541914 | AS11: 0.18417792 | AT11: 0.17991187 | AU11: 0.17653132 | AV11: 0.18979175 | AW11: 0.20428809 | AX11: 0.21341728 | AY11: 0.083907597 | AZ11: 0.076689173 | BA11: 0.10433998 | BB11: 0.080897664 | BC11: 0.074000498 | BD11: 0.069755657
B12: HP UV | C12: GMV | D12: # | F12: =J12 -> 3.9634858e+08 | G12: =K12 -> 3.5532994e+08 | H12: =IFERROR(F12/G12-1,"-") -> 0.1154382 | J12: 3.9634858e+08 | K12: 3.5532994e+08 | L12: 3.4321822e+08 | M12: 3.2765642e+08 | N12: 3.2628687e+08 | O12: 3.2649974e+08 | P12: 3.1419371e+08 | Q12: 2.9282887e+08 | R12: 3.1668665e+08 | S12: 3.0356658e+08 | T12: 2.8614516e+08 | U12: 2.9922677e+08 | V12: 3.003348e+08 | W12: 2.8229191e+08 | X12: 2.7204971e+08 | Y12: 2.5158851e+08 | Z12: 2.489532e+08 | AA12: 2.4486364e+08 | AB12: 2.4283384e+08 | AC12: 2.3495554e+08 | AD12: 2.6078334e+08 | AE12: 2.2824681e+08 | AF12: 2.4481249e+08 | AG12: 2.4597506e+08 | AH12: 2.4495409e+08 | AI12: 2.2232663e+08 | AJ12: 2.1219819e+08 | AK12: 2.0564457e+08 | AL12: 1.9688585e+08 | AM12: 1.8646799e+08 | AN12: 1.8315308e+08 | AO12: 1.8507196e+08 | AP12: 1.8530474e+08 | AQ12: 1.8154518e+08 | AR12: 1.7146202e+08 | AS12: 1.843303e+08 | AT12: 1.8704811e+08 | AU12: 1.7366133e+08 | AV12: 1.9024642e+08 | AW12: 1.8982306e+08 | AX12: 1.8951358e+08 | AY12: 56752694 | AZ12: 50166169 | BA12: 69907530 | BB12: 54267508 | BC12: 49459567 | BD12: 48553139
J13: =J12/K12 -> 1.1154382 | K13: =K12/L12 -> 1.0352887 | V13: =V12/W12 -> 1.0639157 | W13: =W12/X12 -> 1.0376483
B14: Avg No. of Modules in HP Layout | C14: Ads Gross Rev | D14: # | F14: =J14 -> 14118402 | G14: =K14 -> 12353602 | H14: =IFERROR(F14/G14-1,"-") -> 0.1428571 | J14: 14118402 | K14: 12353602 | L14: 11651783 | M14: 10844701 | N14: 10598892 | O14: 10145355 | P14: 9005882.2 | Q14: 7950545 | R14: 8352182.6 | S14: 7724586.2 | T14: 7291682.1 | U14: 8171731.1 | V14: 7810394.6 | W14: 7303318.8 | X14: 6945214.3 | Y14: 6426808.1 | Z14: 6238831.3 | AA14: 5962930.8 | AB14: 5514242.6 | AC14: 5130076 | AD14: 5403784.8 | AE14: 4504739 | AF14: 4952246.2 | AG14: 5090619 | AH14: 4955906.2 | AI14: 4483549.7 | AJ14: 4339364.8 | AK14: 4208811.6 | AL14: 4061940 | AM14: 3852406.4 | AN14: 3640747.9 | AO14: 3662444.9 | AP14: 3699929.5 | AQ14: 3629195 | AR14: 3348763.4
B15: Avg No. of Modules in HP Layout | C15: Gross Take Rate | D15: % | F15: =J15 -> 0.035621173 | G15: =K15 -> 0.034766566 | H15: =IFERROR(F15/G15-1,"-") -> 0.024581286 | J15: 0.035621173 | K15: 0.034766566 | L15: 0.033948615 | M15: 0.033097783 | N15: 0.032483355 | O15: 0.031073088 | P15: 0.02866347 | Q15: 0.027150824 | R15: 0.026373649 | S15: 0.025446102 | T15: 0.025482458 | U15: 0.027309493 | V15: 0.026005626 | W15: 0.025871513 | X15: 0.02552921 | Y15: 0.025544919 | Z15: 0.025060258 | AA15: 0.024352047 | AB15: 0.022707884 | AC15: 0.021834242 | AD15: 0.020721357 | AE15: 0.019736263 | AF15: 0.020228732 | AG15: 0.020695672 | AH15: 0.02023198 | AI15: 0.020166499 | AJ15: 0.020449584 | AK15: 0.020466437 | AL15: 0.020630939 | AM15: 0.02065988 | AN15: 0.01987817 | AO15: 0.019789301 | AP15: 0.019966729 | AQ15: 0.019990588 | AR15: 0.019530643
B16: HP UV | C16: Ads Direct ROI | D16: # | F16: =J16 -> 8.2181463 | G16: =K16 -> 8.1309657 | H16: =IFERROR(F16/G16-1,"-") -> 0.010722051 | J16: 8.2181463 | K16: 8.1309657 | L16: 7.945723 | M16: 7.7278759 | N16: 7.6701692 | O16: 8.0766213 | P16: 7.969075 | Q16: 8.0443702 | R16: 8.0976582 | S16: 8.0489877 | T16: 8.2040596 | U16: 7.5139452 | V16: 8.0845926 | W16: 7.6248678 | X16: 7.8183603 | Y16: 6.9366999 | Z16: 6.8869691 | AA16: 6.5641687 | AB16: 6.8616282 | AC16: 6.615458 | AD16: 6.5464385 | AE16: 6.2902636 | AF16: 6.2891044 | AG16: 6.1886902 | AH16: 6.1876383 | AI16: 6.0202588 | AJ16: 6.1515051 | AK16: 6.085474 | AL16: 5.9671388 | AM16: 5.9019645 | AN16: 5.9085521 | AO16: 5.8539045 | AP16: 5.7198079 | AQ16: 5.6951383 | AR16: 5.6830048
B18: Avg No. of Modules in HP Layout | C18: Ads Net Rev | D18: # | F18: =J18 -> 13309600 | G18: =K18 -> 11698097 | H18: =IFERROR(F18/G18-1,"-") -> 0.13775774 | J18: 13309600 | K18: 11698097 | L18: 11045886 | M18: 10381846 | N18: 10190472 | O18: 9709661.6 | P18: 8592518.4 | Q18: 7635413.7 | R18: 8019541.8 | S18: 7441328.2 | T18: 7022526 | U18: 7796512.3 | V18: 7411223.3 | W18: 6954565.1 | X18: 6611096.3 | Y18: 6148337.7 | Z18: 5995099.8 | AA18: 5737838.1 | AB18: 5310930.1 | AC18: 4908906.7
C19: Net Take Rate | D19: % | F19: =J19 -> 0.033580542 | G19: =K19 -> 0.032921788 | H19: =IFERROR(F19/G19-1,"-") -> 0.020009664 | J19: 0.033580542 | K19: 0.032921788 | L19: 0.032183275 | M19: 0.031685159 | N19: 0.031231635 | O19: 0.02973865 | P19: 0.027347837 | Q19: 0.026074662 | R19: 0.025323271 | S19: 0.024513002 | T19: 0.024541831 | U19: 0.026055531 | V19: 0.024676539 | W19: 0.024636077 | X19: 0.02430106 | Y19: 0.02443807 | Z19: 0.024081232 | AA19: 0.023432789 | AB19: 0.021870634 | AC19: 0.020892918
B21: Avg No. of Modules in HP Layout | C21: Ads Net Rev (excl 1p/sip) | D21: # | F21: =J21 -> 13146811 | G21: =K21 -> 11535172 | H21: =IFERROR(F21/G21-1,"-") -> 0.1397152 | J21: 13146811 | K21: 11535172 | L21: 10906468 | M21: 10248486 | N21: 10065428 | O21: 9570544.7 | P21: 8494231.3 | Q21: 7575477.5 | R21: 7917604.6 | S21: 7289437.4 | T21: 6866180.5 | U21: 7638555.5 | V21: 7262759.8 | W21: 6617254.7 | X21: 6151034.1 | Y21: 5563229.5 | Z21: 5350201.2 | AA21: 5207659.5 | AB21: 4869499.1 | AC21: 4633820.9
C22: Net Take Rate (excl 1p/sip) | D22: % | F22: =J22 -> 0.033169819 | G22: =K22 -> 0.03246327 | H22: =IFERROR(F22/G22-1,"-") -> 0.021764543 | J22: 0.033169819 | K22: 0.03246327 | L22: 0.031777065 | M22: 0.031278148 | N22: 0.030848402 | O22: 0.029312564 | P22: 0.027035013 | Q22: 0.025869982 | R22: 0.025001384 | S22: 0.024012648 | T22: 0.023995445 | U22: 0.025527648 | V22: 0.024182212 | W22: 0.023441177 | X22: 0.022609964 | Y22: 0.022112415 | Z22: 0.021490791 | AA22: 0.02126759 | AB22: 0.020052803 | AC22: 0.019722118
B24: Avg No. of Modules in HP Layout | C24: Commission Fee | D24: USD | F24: =J24 -> 38623530 | G24: =K24 -> 34197963 | H24: =IFERROR(F24/G24-1,"-") -> 0.12941023 | J24: 38623530 | K24: 34197963 | L24: 32240795 | M24: 30312115 | N24: 29994070 | O24: 29836985 | P24: 27524134 | Q24: 25206744 | R24: 25912669 | S24: 23620745 | T24: 21885824 | U24: 20866535 | V24: 21238736 | W24: 19670100 | X24: 18955673 | Y24: 16533495 | Z24: 15947206 | AA24: 14898795 | AB24: 14615455 | AC24: 13986237 | AD24: 14676991 | AE24: 12474366 | AF24: 13073946 | AG24: 13568870 | AH24: 13159072 | AI24: 11506255 | AJ24: 11050316 | AK24: 10820175 | AL24: 10382889 | AM24: 9610230.3 | AN24: 9136076.5 | AO24: 8774412.4 | AP24: 8457487.7 | AQ24: 8146767.6 | AR24: 7768942.8 | AS24: 7134477.8 | AT24: 7899756.1 | AU24: 6892895.1 | AV24: 7567013.3 | AW24: 6981648 | AX24: 6666181.4 | AY24: 6905789.1 | AZ24: 6510684.8 | BA24: 6428439.3 | BB24: 5630806.3 | BC24: 4972165.9 | BD24: 4392557.7
B25: Avg No. of Modules in HP Layout | C25: Commission Rate | D25: % | F25: =J25 -> 0.097448386 | G25: =K25 -> 0.096242844 | H25: =IFERROR(F25/G25-1,"-") -> 0.012526049 | J25: 0.097448386 | K25: 0.096242844 | L25: 0.093936723 | M25: 0.092511891 | N25: 0.091925458 | O25: 0.091384405 | P25: 0.087602434 | Q25: 0.08608012 | R25: 0.081824319 | S25: 0.077810755 | T25: 0.076485042 | U25: 0.069734855 | V25: 0.070716866 | W25: 0.069679999 | X25: 0.069677239 | Y25: 0.065716413 | Z25: 0.064057043 | AA25: 0.060845273 | AB25: 0.060187061 | AC25: 0.059527167 | AD25: 0.056280403 | AE25: 0.05465297 | AF25: 0.053403917 | AG25: 0.055163601 | AH25: 0.053720565 | AI25: 0.051753832 | AJ25: 0.052075448 | AK25: 0.052615906 | AL25: 0.052735576 | AM25: 0.051538231 | AN25: 0.04988219 | AO25: 0.047410814 | AP25: 0.045640969 | AQ25: 0.044874601 | AR25: 0.045309993 | AS25: 0.038704857 | AT25: 0.04223382 | AU25: 0.039691594 | AV25: 0.0397748 | AW25: 0.036779767 | AX25: 0.035175218 | AY25: 0.12168214 | AZ25: 0.12978238 | BA25: 0.091956321 | BB25: 0.10376018 | BC25: 0.10052991 | BD25: 0.090469079
B26: Avg No. of Modules in HP Layout | C26: Total Rebate | D26: USD | F26: =J26 -> 79639423 | G26: =K26 -> 70171227 | H26: =IFERROR(F26/G26-1,"-") -> 0.13492989 | J26: 79639423 | K26: 70171227 | L26: 65774235 | M26: 61570332 | N26: 61166660 | O26: 62558279 | P26: 53616053 | Q26: 46348825 | R26: 54238371 | S26: 45393364 | T26: 42722186 | U26: 48678483 | V26: 46197666 | W26: 42150851 | X26: 41734107 | Y26: 36631317 | Z26: 34436482 | AA26: 33280846 | AB26: 30934075 | AC26: 30115926 | AD26: 38091460 | AE26: 28764217 | AF26: 29535936 | AG26: 30596451 | AH26: 32014315 | AI26: 31369439 | AJ26: 29758991 | AK26: 28560502 | AL26: 25647879 | AM26: 19199777 | AN26: 15328618 | AO26: 15181193 | AP26: 15127719 | AQ26: 12002625 | AR26: 10417608 | AS26: 11504730 | AT26: 11812327 | AU26: 11252465 | AV26: 14534830 | AW26: 15864418 | AX26: 16943049 | AY26: 16887592 | AZ26: 14875809 | BA26: 18357624 | BB26: 16584802 | BC26: 13621660 | BD26: 12897283
C28: Order% by Channel (incl. ads & non-item cards) | D28: UNIT
C29: Total | F29: =J29 -> 1 | G29: =K29 -> 1 | H29: =IFERROR(F29/G29-1,"-") -> 0 | J29: 1 | K29: 1 | L29: 1 | M29: 1 | N29: 1 | O29: 1 | P29: 1 | Q29: 1 | R29: 1 | S29: 1 | T29: 1 | U29: 1 | V29: 1 | W29: 1 | X29: 1 | Y29: 1 | Z29: 1 | AA29: 1 | AB29: 1 | AC29: 1 | AD29: 1 | AE29: 1 | AF29: 1 | AG29: 1 | AH29: 1 | AI29: 1 | AJ29: 1 | AK29: 1 | AL29: 1 | AM29: 1 | AN29: 1 | AO29: 1 | AP29: 1 | AQ29: 1 | AR29: 1
B30: Platform DAU | C30: Global Search | D30: % | F30: =J30 -> 0.40039399 | G30: =K30 -> 0.40186104 | H30: =IFERROR(F30/G30-1,"-") -> -0.0036506549 | J30: 0.40039399 | K30: 0.40186104 | L30: 0.39993813 | M30: 0.40411987 | N30: 0.40525341 | O30: 0.39716249 | P30: 0.40355987 | Q30: 0.40790435 | R30: 0.39747165 | S30: 0.3973082 | T30: 0.39588731 | U30: 0.39027439 | V30: 0.38663356 | W30: 0.38208039 | X30: 0.38012596 | Y30: 0.37699121 | Z30: 0.37879158 | AA30: 0.37440792 | AB30: 0.37141491 | AC30: 0.37700701 | AD30: 0.35927648 | AE30: 0.35847092 | AF30: 0.35293306 | AG30: 0.33962324 | AH30: 0.3329479 | AI30: 0.33947635 | AJ30: 0.34331107 | AK30: 0.33731394 | AL30: 0.34618488 | AM30: 0.36034173 | AN30: 0.36023254 | AO30: 0.35281023 | AP30: 0.34816529 | AQ30: 0.34873056 | AR30: 0.33895621
B31: Platform DAU | C31: Daily Discover | D31: % | F31: =J31 -> 0.098401385 | G31: =K31 -> 0.096188491 | H31: =IFERROR(F31/G31-1,"-") -> 0.02300581 | J31: 0.098401385 | K31: 0.096188491 | L31: 0.094203303 | M31: 0.09400793 | N31: 0.091610477 | O31: 0.083872498 | P31: 0.081264314 | Q31: 0.077381823 | R31: 0.078406154 | S31: 0.069707936 | T31: 0.068461915 | U31: 0.066846523 | V31: 0.065341511 | W31: 0.064753812 | X31: 0.063687981 | Y31: 0.059815338 | Z31: 0.060165856 | AA31: 0.058757062 | AB31: 0.059647696 | AC31: 0.05870264 | AD31: 0.057540004 | AE31: 0.053957685 | AF31: 0.053070753 | AG31: 0.057899654 | AH31: 0.057945227 | AI31: 0.053251071 | AJ31: 0.047988045 | AK31: 0.047196665 | AL31: 0.045308878 | AM31: 0.042092236 | AN31: 0.041053946 | AO31: 0.04386576 | AP31: 0.042217536 | AQ31: 0.038623858 | AR31: 0.039010481
B32: Platform DAU | C32: You May Also Like | D32: % | F32: =J32 -> 0.10627931 | G32: =K32 -> 0.11167639 | H32: =IFERROR(F32/G32-1,"-") -> -0.0483279 | J32: 0.10627931 | K32: 0.11167639 | L32: 0.10891373 | M32: 0.1101136 | N32: 0.11005968 | O32: 0.11235439 | P32: 0.11773599 | Q32: 0.12095071 | R32: 0.12038984 | S32: 0.12242064 | T32: 0.12676393 | U32: 0.12565586 | V32: 0.12653313 | W32: 0.1340065 | X32: 0.13369049 | Y32: 0.13551387 | Z32: 0.13065522 | AA32: 0.13292103 | AB32: 0.13777819 | AC32: 0.1445591 | AD32: 0.14656102 | AE32: 0.1548483 | AF32: 0.16231076 | AG32: 0.1599296 | AH32: 0.15875417 | AI32: 0.15581737 | AJ32: 0.15640555 | AK32: 0.15667586 | AL32: 0.16143074 | AM32: 0.16488905 | AN32: 0.15985298 | AO32: 0.16276401 | AP32: 0.16106326 | AQ32: 0.15867595 | AR32: 0.16462781
B33: Platform DAU | C33: Post Purchase | D33: % | F33: =J33 -> 0.048411228 | G33: =K33 -> 0.048177693 | H33: =IFERROR(F33/G33-1,"-") -> 0.0048473692 | J33: 0.048411228 | K33: 0.048177693 | L33: 0.048429279 | M33: 0.044139529 | N33: 0.044627642 | O33: 0.048765606 | P33: 0.04655019 | Q33: 0.045876204 | R33: 0.046144347 | S33: 0.04580035 | T33: 0.044403873 | U33: 0.044712168 | V33: 0.044608946 | W33: 0.043433879 | X33: 0.044010069 | Y33: 0.042726022 | Z33: 0.043168052 | AA33: 0.044646247 | AB33: 0.044783238 | AC33: 0.042114006 | AD33: 0.040491322 | AE33: 0.044430934 | AF33: 0.042228431 | AG33: 0.040675702 | AH33: 0.043310996 | AI33: 0.042257723 | AJ33: 0.040977272 | AK33: 0.044525016 | AL33: 0.044464508 | AM33: 0.043618223 | AN33: 0.04384341 | AO33: 0.041085109 | AP33: 0.039296295 | AQ33: 0.039740052 | AR33: 0.040387832
B34: Platform DAU | C34: Private Domain | D34: % | F34: =J34 -> 0.099714453 | G34: =K34 -> 0.10144817 | H34: =IFERROR(F34/G34-1,"-") -> -0.017089682 | J34: 0.099714453 | K34: 0.10144817 | L34: 0.10525746 | M34: 0.11041439 | N34: 0.11457103 | O34: 0.11680969 | P34: 0.11825076 | Q34: 0.11989967 | R34: 0.12069839 | S34: 0.12202822 | T34: 0.12093453 | U34: 0.12335792 | V34: 0.12309065 | W34: 0.1243569 | X34: 0.12342562 | Y34: 0.12533318 | Z34: 0.12983857 | AA34: 0.13309463 | AB34: 0.13501488 | AC34: 0.13110093 | AD34: 0.13127086 | AE34: 0.13725635 | AF34: 0.14453007 | AG34: 0.14288286 | AH34: 0.14532765 | AI34: 0.14504468 | AJ34: 0.13944019 | AK34: 0.14270723 | AL34: 0.15086523 | AM34: 0.16127159 | AN34: 0.16676764 | AO34: 0.16539415 | AP34: 0.16529081 | AQ34: 0.16830034 | AR34: 0.17001211
B35: Platform DAU | C35: Live Streaming | D35: % | F35: =J35 -> 0.044743386 | G35: =K35 -> 0.04234045 | H35: =IFERROR(F35/G35-1,"-") -> 0.056752737 | J35: 0.044743386 | K35: 0.04234045 | L35: 0.040711972 | M35: 0.037848821 | N35: 0.037206177 | O35: 0.038064717 | P35: 0.038789788 | Q35: 0.037748417 | R35: 0.046196353 | S35: 0.045859781 | T35: 0.047289141 | U35: 0.053834268 | V35: 0.053520138 | W35: 0.052259371 | X35: 0.05510646 | Y35: 0.055488204 | Z35: 0.05563287 | AA35: 0.056085434 | AB35: 0.052807853 | AC35: 0.0468041 | AD35: 0.058286838 | AE35: 0.057441827 | AF35: 0.053074839 | AG35: 0.064151838 | AH35: 0.067580336 | AI35: 0.072896869 | AJ35: 0.071632445 | AK35: 0.073768796 | AL35: 0.048340919 | AM35: 0.010198689 | AN35: 0.010247783 | AO35: 0.010178 | AP35: 0.011174396 | AQ35: 0.0094832524 | AR35: 0.0080847181
B36: Platform DAU | C36: Video | D36: % | F36: =J36 -> 0.08232886 | G36: =K36 -> 0.074814573 | H36: =IFERROR(F36/G36-1,"-") -> 0.10043881 | J36: 0.08232886 | K36: 0.074814573 | L36: 0.066456137 | M36: 0.083672697 | N36: 0.073146698 | O36: 0.07010662 | P36: 0.060738908 | Q36: 0.053222418 | R36: 0.054371854 | S36: 0.043825271 | T36: 0.041924736 | U36: 0.044308784 | V36: 0.039484914 | W36: 0.039477868 | X36: 0.039695945 | Y36: 0.038794866 | Z36: 0.040262544 | AA36: 0.043439192 | AB36: 0.042037538 | AC36: 0.045218914 | AD36: 0.050540155 | AE36: 0.021299504 | AF36: 0.01694907 | AG36: 0.021082047 | AH36: 0.010217 | AI36: 0.0060554534 | AJ36: 0.0047932121 | AK36: 0.0039504254 | AL36: 0.004055535 | AM36: 0.0037903355 | AN36: 0.0032789451 | AO36: 0.0037561917 | AP36: 0.0025071023 | AQ36: 0.0016981068 | AR36: 0.0013459846
B37: Platform DAU | C37: Others | D37: % | F37: =J37 -> 0.11972739 | G37: =K37 -> 0.12349319 | H37: =IFERROR(F37/G37-1,"-") -> -0.030493941 | J37: 0.11972739 | K37: 0.12349319 | L37: 0.13608999 | M37: 0.11568316 | N37: 0.12352488 | O37: 0.13286399 | P37: 0.13311018 | Q37: 0.13701641 | R37: 0.13632141 | S37: 0.15304961 | T37: 0.15433458 | U37: 0.15101009 | V37: 0.16078716 | W37: 0.15963128 | X37: 0.16025748 | Y37: 0.16533731 | Z37: 0.16148531 | AA37: 0.15664848 | AB37: 0.1565157 | AC37: 0.15449329 | AD37: 0.15603332 | AE37: 0.17229448 | AF37: 0.17490302 | AG37: 0.17375506 | AH37: 0.18391672 | AI37: 0.18520049 | AJ37: 0.19545221 | AK37: 0.19386207 | AL37: 0.19934931 | AM37: 0.21379815 | AN37: 0.21472276 | AO37: 0.22014655 | AP37: 0.23028531 | AQ37: 0.23474789 | AR37: 0.23791557
C39: Rev% by Channel (incl. ads & non-item cards) | D39: UNIT
C40: Total | D40: % | F40: =J40 -> 1 | G40: =K40 -> 1 | H40: =IFERROR(F40/G40-1,"-") -> 0 | J40: 1 | K40: 1 | L40: 1 | M40: 1 | N40: 1 | O40: 1 | P40: 1 | Q40: 1 | R40: 1 | S40: 1 | T40: 1 | U40: 1 | V40: 1 | W40: 1 | X40: 1 | Y40: 1 | Z40: 1 | AA40: 1 | AB40: 1 | AC40: 1 | AD40: 1 | AE40: 1 | AF40: 1 | AG40: 1 | AH40: 1 | AI40: 1 | AJ40: 1 | AK40: 1 | AL40: 1 | AM40: 1 | AN40: 1 | AO40: 1 | AP40: 1 | AQ40: 1 | AR40: 1
B41: Platform DAU | C41: Search | D41: % | F41: =J41 -> 0.53274575 | G41: =K41 -> 0.55381101 | H41: =IFERROR(F41/G41-1,"-") -> -0.038036909 | J41: 0.53274575 | K41: 0.55381101 | L41: 0.55391964 | M41: 0.57611586 | N41: 0.58339775 | O41: 0.59375245 | P41: 0.60150991 | Q41: 0.59991286 | R41: 0.57513656 | S41: 0.58733916 | T41: 0.57156561 | U41: 0.57320879 | V41: 0.5738129 | W41: 0.59266767 | X41: 0.60201916 | Y41: 0.59365707 | Z41: 0.5943094 | AA41: 0.60144109 | AB41: 0.60583156 | AC41: 0.6095126 | AD41: 0.62852951 | AE41: 0.63123648 | AF41: 0.62676982 | AG41: 0.61501994 | AH41: 0.61192669 | AI41: 0.61866292 | AJ41: 0.61359655 | AK41: 0.62160499 | AL41: 0.63147799 | AM41: 0.63939209 | AN41: 0.65566624 | AO41: 0.64884041 | AP41: 0.65003552 | AQ41: 0.64537012 | AR41: 0.6461239
B42: Platform DAU | C42: Daily Discover | D42: % | F42: =J42 -> 0.15477315 | G42: =K42 -> 0.14564166 | H42: =IFERROR(F42/G42-1,"-") -> 0.062698338 | J42: 0.15477315 | K42: 0.14564166 | L42: 0.13935307 | M42: 0.13711035 | N42: 0.13569677 | O42: 0.12480676 | P42: 0.11209485 | Q42: 0.11038294 | R42: 0.11893421 | S42: 0.10848082 | T42: 0.11204265 | U42: 0.10045778 | V42: 0.093940329 | W42: 0.088059578 | X42: 0.092813047 | Y42: 0.096560636 | Z42: 0.1028063 | AA42: 0.097925449 | AB42: 0.097795685 | AC42: 0.090582533 | AD42: 0.084463018 | AE42: 0.084999022 | AF42: 0.085068591 | AG42: 0.09328984 | AH42: 0.09847547 | AI42: 0.097070283 | AJ42: 0.093625755 | AK42: 0.09475685 | AL42: 0.092946356 | AM42: 0.094546763 | AN42: 0.092983305 | AO42: 0.098106926 | AP42: 0.10228833 | AQ42: 0.10056387 | AR42: 0.10316692
B43: Platform DAU | C43: RCMD | D43: % | F43: =J43 -> 0.18115261 | G43: =K43 -> 0.17624974 | H43: =IFERROR(F43/G43-1,"-") -> 0.027817742 | J43: 0.18115261 | K43: 0.17624974 | L43: 0.18197216 | M43: 0.18479529 | N43: 0.18136266 | O43: 0.17886182 | P43: 0.18311178 | Q43: 0.17649548 | R43: 0.18483185 | S43: 0.17976172 | T43: 0.19044991 | U43: 0.20185786 | V43: 0.20086576 | W43: 0.18981005 | X43: 0.18303824 | Y43: 0.18897506 | Z43: 0.1861827 | AA43: 0.18616178 | AB43: 0.18362135 | AC43: 0.18987032 | AD43: 0.18211354 | AE43: 0.17822674 | AF43: 0.18516828 | AG43: 0.19006289 | AH43: 0.19215614 | AI43: 0.18538259 | AJ43: 0.19120827 | AK43: 0.18821625 | AL43: 0.19594266 | AM43: 0.18990625 | AN43: 0.18599443 | AO43: 0.19051995 | AP43: 0.19022822 | AQ43: 0.19866319 | AR43: 0.20270475
B44: Platform DAU | C44: Game | D44: % | F44: =J44 -> 0.037352924 | G44: =K44 -> 0.030900284 | H44: =IFERROR(F44/G44-1,"-") -> 0.2088214 | J44: 0.037352924 | K44: 0.030900284 | L44: 0.034133386 | M44: 0.01592766 | N44: 0.014531324 | O44: 0.018875695 | P44: 0.02215036 | Q44: 0.029240477 | R44: 0.032300141 | S44: 0.036630231 | T44: 0.040089747 | U44: 0.038007479 | V44: 0.044005395 | W44: 0.045780044 | X44: 0.044929871 | Y44: 0.050044121 | Z44: 0.051773476 | AA44: 0.052104856 | AB44: 0.052503079 | AC44: 0.051120101 | AD44: 0.048802081 | AE44: 0.053687651 | AF44: 0.053197333 | AG44: 0.050008285 | AH44: 0.045991941 | AI44: 0.049521928 | AJ44: 0.052327151 | AK44: 0.048569492 | AL44: 0.036187761 | AM44: 0.03580254 | AN44: 0.02603224 | AO44: 0.024867653 | AP44: 0.021644781 | AQ44: 0.020490141 | AR44: 0.014959707
B45: Platform DAU | C45: Brand | D45: % | F45: =J45 -> 0.050525695 | G45: =K45 -> 0.052403597 | H45: =IFERROR(F45/G45-1,"-") -> -0.035835368 | J45: 0.050525695 | K45: 0.052403597 | L45: 0.053902562 | M45: 0.055105066 | N45: 0.054121341 | O45: 0.055637643 | P45: 0.057670737 | Q45: 0.059944853 | R45: 0.06158105 | S45: 0.060624917 | T45: 0.059349654 | U45: 0.06002461 | V45: 0.062468524 | W45: 0.061281832 | X45: 0.060398702 | Y45: 0.056480694 | Z45: 0.053321259 | AA45: 0.052326204 | AB45: 0.051837637 | AC45: 0.052013338 | AD45: 0.049899457 | AE45: 0.050043163 | AF45: 0.048865972 | AG45: 0.051362374 | AH45: 0.050031163 | AI45: 0.049361001 | AJ45: 0.049241934 | AK45: 0.046852412 | AL45: 0.043445239 | AM45: 0.040352356 | AN45: 0.039323793 | AO45: 0.03766506 | AP45: 0.035803149 | AQ45: 0.034912675 | AR45: 0.033044724
B46: Platform DAU | C46: Live Streaming | D46: % | F46: =J46 -> 0.016187876 | G46: =K46 -> 0.017616144 | H46: =IFERROR(F46/G46-1,"-") -> -0.08107719 | J46: 0.016187876 | K46: 0.017616144 | L46: 0.017218844 | M46: 0.016915585 | N46: 0.01685605 | O46: 0.016384936 | P46: 0.016066477 | Q46: 0.017646675 | R46: 0.020585321 | S46: 0.020159969 | T46: 0.019510868 | U46: 0.018511182 | V46: 0.016824041 | W46: 0.015919948 | X46: 0.014765737 | Y46: 0.013331425 | Z46: 0.011136131 | AA46: 0.0098834228 | AB46: 0.0083804271 | AC46: 0.0068992915 | AD46: 0.0054220175 | AE46: 0.0017352004 | AF46: 0.00096674973 | AG46: 0.00062955958 | AH46: 0 | AI46: 0 | AJ46: 0 | AK46: 0 | AL46: 0 | AM46: 0 | AN46: 0 | AO46: 0 | AP46: 0 | AQ46: 0 | AR46: 0
B47: Platform DAU | C47: Video | D47: % | F47: =J47 -> 0.012594986 | G47: =K47 -> 0.012674695 | H47: =IFERROR(F47/G47-1,"-") -> -0.0062888643 | J47: 0.012594986 | K47: 0.012674695 | L47: 0.011262462 | M47: 0.010531485 | N47: 0.010082635 | O47: 0.0086907328 | P47: 0.0059525841 | Q47: 0.0048592596 | R47: 0.0046549834 | S47: 0.0045507761 | T47: 0.0043766676 | U47: 0.0046082451 | V47: 0.0037160445 | W47: 0.0032604483 | X47: 0.0018318739 | Y47: 0.00094523398 | Z47: 0.0004759722 | AA47: 7.3056731e-05 | AB47: 1.1744421e-05 | AC47: 1.8147659e-06 | AD47: 0 | AE47: 0 | AF47: 0 | AG47: 0 | AH47: 0 | AI47: 0 | AJ47: 0 | AK47: 0 | AL47: 0 | AM47: 0 | AN47: 0 | AO47: 0 | AP47: 0 | AQ47: 0 | AR47: 0 | AS47: 0 | AT47: 0 | AU47: 0 | AV47: 0 | AW47: 0 | AX47: 0 | AY47: 0 | AZ47: 0 | BA47: 0 | BB47: 0 | BC47: 0 | BD47: 0
B48: Platform DAU | C48: Undefined | D48: % | F48: =J48 -> 0.014667006 | G48: =K48 -> 0.010702868 | H48: =IFERROR(F48/G48-1,"-") -> 0.37038088 | J48: 0.014667006 | K48: 0.010702868 | L48: 0.0082378762 | M48: 0.003498707 | N48: 0.0039514639 | O48: 0.0029899627 | P48: 0.0014433035 | Q48: 0.0015174535 | R48: 0.0019758825 | S48: 0.0024524093 | T48: 0.0026148889 | U48: 0.0033240538 | V48: 0.0043670056 | W48: 0.0032204313 | X48: 0.00020336734 | Y48: 5.7619748e-06 | Z48: -5.2302702e-06 | AA48: 8.4136039e-05 | AB48: 1.8513409e-05 | AC48: 1.9369967e-18 | AD48: 0 | AE48: 0 | AF48: 0 | AG48: 0 | AH48: 0 | AI48: 0 | AJ48: 0 | AK48: 0 | AL48: 0 | AM48: 0 | AN48: 0 | AO48: 0 | AP48: 0 | AQ48: 0 | AR48: 0 | AS48: 0 | AT48: 0 | AU48: 0 | AV48: 0 | AW48: 0 | AX48: 0 | AY48: 0 | AZ48: 0 | BA48: 0 | BB48: 0 | BC48: 0 | BD48: 0
C50: Rev% by Seller Type | D50: UNIT
C51: Total | D51: % | F51: =J51 -> 1 | G51: =K51 -> 1 | H51: =IFERROR(F51/G51-1,"-") -> 0 | J51: 1 | K51: 1 | L51: 1 | M51: 1 | N51: 1 | O51: 1 | P51: 1 | Q51: 1 | R51: 1 | S51: 1 | T51: 1 | U51: 1 | V51: 1 | W51: 1 | X51: 1 | Y51: 1 | Z51: 1 | AA51: 1 | AB51: 1 | AC51: 1
C52: CB Rev% | D52: % | F52: =J52 -> 0.1064445 | G52: =K52 -> 0.10910317 | H52: =IFERROR(F52/G52-1,"-") -> -0.024368402 | J52: 0.1064445 | K52: 0.10910317 | L52: 0.10928218 | M52: 0.11072401 | N52: 0.10911111 | O52: 0.11236963 | P52: 0.11314861 | Q52: 0.10156645 | R52: 0.095631087 | S52: 0.09495448 | T52: 0.10019893 | U52: 0.10482361 | V52: 0.10567579 | W52: 0.11344146 | X52: 0 | Y52: 0 | Z52: 0 | AA52: 0 | AB52: 0 | AC52: 0
C53: Lovito(1p)% | D53: % | F53: =J53 -> 0.00092017727 | G53: =K53 -> 0.001072403 | H53: =IFERROR(F53/G53-1,"-") -> -0.14194829 | J53: 0.00092017727 | K53: 0.001072403 | L53: 0.0010522834 | M53: 0.0012102407 | N53: 0.0013315531 | O53: 0.0015305957 | P53: 0.0016410448 | Q53: 0.0015555354 | R53: 0.001681784 | S53: 0.0022242768 | T53: 0.0027694996 | U53: 0.0023866236 | V53: 0.0021488032 | W53: 0.0042218303 | X53: 0 | Y53: 0 | Z53: 0 | AA53: 0 | AB53: 0 | AC53: 0
C54: SCS(1p)% | D54: % | F54: =J54 -> 0.0048923483 | G54: =K54 -> 0.0049194783 | H54: =IFERROR(F54/G54-1,"-") -> -0.0055148201 | J54: 0.0048923483 | K54: 0.0049194783 | L54: 0.0051221584 | M54: 0.005211421 | N54: 0.0062212858 | O54: 0.0069010899 | P54: 0.008335063 | Q54: 0.0082128805 | R54: 0.0090403801 | S54: 0.011159018 | T54: 0.011280823 | U54: 0.011621262 | V54: 0.010665292 | W54: 0.017641164 | X54: 0 | Y54: 0 | Z54: 0 | AA54: 0 | AB54: 0 | AC54: 0
C55: Others(3p)% | D55: % | F55: =J55 -> 0.081270174 | G55: =K55 -> 0.084778856 | H55: =IFERROR(F55/G55-1,"-") -> -0.041386282 | J55: 0.081270174 | K55: 0.084778856 | L55: 0.085196046 | M55: 0.085883968 | N55: 0.083369326 | O55: 0.083542299 | P55: 0.084452349 | Q55: 0.080631281 | R55: 0.072345153 | S55: 0.070303178 | T55: 0.075885124 | U55: 0.078437435 | V55: 0.078510917 | W55: 0.073196081 | X55: 0 | Y55: 0 | Z55: 0 | AA55: 0 | AB55: 0 | AC55: 0
C56: unknow% | D56: % | F56: =J56 -> 0.017932728 | G56: =K56 -> 0.01831144 | H56: =IFERROR(F56/G56-1,"-") -> -0.020681703 | J56: 0.017932728 | K56: 0.01831144 | L56: 0.017911803 | M56: 0.018674868 | N56: 0.018189035 | O56: 0.020395647 | P56: 0.018697527 | Q56: 0.014899312 | R56: 0.016074839 | S56: 0.014430914 | T56: 0.013534767 | U56: 0.016250623 | V56: 0.018671036 | W56: 0.022273196 | X56: 0 | Y56: 0 | Z56: 0 | AA56: 0 | AB56: 0 | AC56: 0
C57: Local Rev% | D57: % | F57: =J57 -> 0.8935555 | G57: =K57 -> 0.89089683 | H57: =IFERROR(F57/G57-1,"-") -> 0.0029842625 | J57: 0.8935555 | K57: 0.89089683 | L57: 0.89071782 | M57: 0.88927599 | N57: 0.89088889 | O57: 0.88763037 | P57: 0.88685139 | Q57: 0.89843355 | R57: 0.90436891 | S57: 0.90504552 | T57: 0.89980107 | U57: 0.89517639 | V57: 0.89432421 | W57: 0.88655854 | X57: 1 | Y57: 1 | Z57: 1 | AA57: 1 | AB57: 1 | AC57: 1
J58: =J59*J60 -> 84710409 | K58: =K59*K60 -> 3.8296166e+08 | L58: =L59*L60 -> 3.495535e+08 | M58: =M59*M60 -> 3.3618573e+08 | N58: =N59*N60 -> 3.2856565e+08 | O58: =O59*O60 -> 3.0436065e+08 | P58: =P59*P60 -> 2.7918235e+08 | Q58: =Q59*Q60 -> 2.3851635e+08 | ... T58: =T59*T60 -> 2.2604214e+08 | U58: =sum(J58:T58) -> 3013009105
J59: 6 | K59: 31 | L59: 30 | M59: 31 | N59: 31 | O59: 30 | P59: 31 | Q59: 30 | R59: 31 | S59: 29 | T59: 31
C60: Total | D60: # | F60: =K60/P60-1 -> 0.37172589 | J60: =J40*J$14 -> 14118402 | K60: =K40*K$14 -> 12353602 | L60: =L40*L$14 -> 11651783 | M60: =M40*M$14 -> 10844701 | N60: =N40*N$14 -> 10598892 | O60: =O40*O$14 -> 10145355 | P60: =P40*P$14 -> 9005882.2 | Q60: =Q40*Q$14 -> 7950545 | ... T60: =T40*T$14 -> 7291682.1
C61: Search | D61: # | F61: =K61/P61-1 -> 0.26294993 | J61: =J41*J$14 -> 7521518.5 | K61: =K41*K$14 -> 6841560.7 | L61: =L41*L$14 -> 6454151.6 | M61: =M41*M$14 -> 6247804.2 | N61: =N41*N$14 -> 6183369.8 | O61: =O41*O$14 -> 6023829.5 | P61: =P41*P$14 -> 5417127.4 | Q61: =Q41*Q$14 -> 4769634.2 | ... T61: =T41*T$14 -> 4167674.7
C62: Daily Discover | D62: # | F62: =K62/P62-1 -> 0.78224452 | J62: =J42*J$14 -> 2185149.4 | K62: =K42*K$14 -> 1799199 | L62: =L42*L$14 -> 1623711.8 | M62: =M42*M$14 -> 1486920.7 | N62: =N42*N$14 -> 1438235.5 | O62: =O42*O$14 -> 1266208.9 | P62: =P42*P$14 -> 1009513 | Q62: =Q42*Q$14 -> 877604.51 | ... T62: =T42*T$14 -> 816979.35
C63: RCMD | D63: # | F63: =K63/P63-1 -> 0.32032104 | J63: =J43*J$14 -> 2557585.3 | K63: =K43*K$14 -> 2177319.1 | L63: =L43*L$14 -> 2120300.1 | M63: =M43*M$14 -> 2004049.7 | N63: =N43*N$14 -> 1922243.2 | O63: =O43*O$14 -> 1814616.7 | P63: =P43*P$14 -> 1649083.1 | Q63: =Q43*Q$14 -> 1403235.2 | ... T63: =T43*T$14 -> 1388700.2 | U63: seasonal
C64: Game | D64: # | F64: =K64/P64-1 -> 0.91359055 | J64: =J44*J$14 -> 527363.58 | K64: =K44*K$14 -> 381729.8 | L64: =L44*L$14 -> 397714.82 | M64: =M44*M$14 -> 172730.71 | N64: =N44*N$14 -> 154015.93 | O64: =O44*O$14 -> 191500.63 | P64: =P44*P$14 -> 199483.53 | Q64: =Q44*Q$14 -> 232477.73 | ... T64: =T44*T$14 -> 292321.69 | U64: 0.02104 | V64: =U64/T64 -> 7.1975501e-08
C65: Brand | D65: # | F65: =K65/P65-1 -> 0.24644447 | J65: =J45*J$14 -> 713342.05 | K65: =K45*K$14 -> 647373.17 | L65: =L45*L$14 -> 628060.97 | M65: =M45*M$14 -> 597597.97 | N65: =N45*N$14 -> 573626.25 | O65: =O45*O$14 -> 564463.65 | P65: =P45*P$14 -> 519375.86 | Q65: =Q45*Q$14 -> 476594.25 | ... T65: =T45*T$14 -> 432758.81 | U65: =T65*$V$64 -> 0.031148032
C66: Live Streaming | D66: # | F66: =K66/P66-1 -> 0.5040335 | J66: =J46*J$14 -> 228546.94 | K66: =K46*K$14 -> 217622.83 | L66: =L46*L$14 -> 200630.24 | M66: =M46*M$14 -> 183444.46 | N66: =N46*N$14 -> 178655.45 | O66: =O46*O$14 -> 166231 | P66: =P46*P$14 -> 144692.8 | Q66: =Q46*Q$14 -> 140300.69 | ... T66: =T46*T$14 -> 142267.05 | U66: =T66*$V$64 -> 0.010239742
L67: RCMD | M67: =M43*$M$64 -> 31919.822 | N67: 0.11752365 | P67: =M67*(1+N67) -> 35671.156 | T67: =P67/$Q$64 -> 0.15343903 | U67: =T67*$V$64 -> 1.1043851e-08
L68: Game | M68: =M44*$M$64 -> 2751.196 | N68: 0.12 | P68: =M68*(1+N68) -> 3081.3395 | T68: =P68/$Q$64 -> 0.013254343 | U68: =T68*$V$64 -> 9.5398797e-10
L69: Brand | M69: =M45*$M$64 -> 9518.3372 | P69: =M69*(1+R64) -> 2567834861 | T69: =P69/$Q$64 -> 11045.509 | U69: =T69*$V$64 -> 0.00079500606
L70: Live Streaming | M70: =M46*$M$64 -> 2921.841 | P70: =M70*(1+R65) -> 1502811431 | T70: =P70/$Q$64 -> 6464.3244 | U70: =T70*$V$64 -> 0.00046527299
J72: =J61*J59 -> 45129111 | K72: =K61*K59 -> 2.1208838e+08 | L72: =L61*L59 -> 193624549 | M72: =M61*M59 -> 1.9368193e+08 | N72: =N61*N59 -> 1.9168446e+08 | O72: =O61*O59 -> 1.8071489e+08 | P72: =P61*P59 -> 1.6793095e+08 | Q72: =Q61*Q59 -> 1.4308903e+08 | ... T72: =T61*T59 -> 1.2919792e+08 | U72: =sum(J72:T72) -> 1737625832
U73: =U72/U58 -> 0.57670779
O75: =700*10*30 -> 210000

Sheet ID
C1: Region:ID
H2: Updated Date | J2: 46000
C3: S&R&A Monthly Metrics | F3: =J3 -> 45992 | G3: =K3 -> 45962 | H3: MoM % | J3: 45992 | K3: 45962 | L3: 45931 | M3: 45901 | N3: 45870 | O3: 45839 | P3: 45809 | Q3: 45778 | R3: 45748 | S3: 45717 | T3: 45689 | U3: 45658 | V3: 45627 | W3: 45597 | X3: 45566 | Y3: 45536 | Z3: 45505 | AA3: 45474 | AB3: 45444 | AC3: 45413 | AD3: 45383 | AE3: 45352 | AF3: 45323 | AG3: 45292 | AH3: 45261 | AI3: 45231 | AJ3: 45200 | AK3: 45170 | AL3: 45139 | AM3: 45108 | AN3: 45078 | AO3: 45047 | AP3: 45017 | AQ3: 44986 | AR3: 44958 | AS3: 44927 | AT3: 44896 | AU3: 44866 | AV3: 44835 | AW3: 44805 | AX3: 44774 | AY3: 44743 | AZ3: 44713 | BA3: 44682 | BB3: 44652 | BC3: 44621 | BD3: 44593 | BE3: 44562
D5: UNIT
B6: Platform DAU | C6: Platform DAU | D6: # | F6: =J6 -> 54618939 | G6: =K6 -> 54210408 | H6: =IFERROR(F6/G6-1,"-") -> 0.0075360303 | J6: 54618939 | K6: 54210408 | L6: 52156874 | M6: 50991051 | N6: 49075213 | O6: 49635102 | P6: 47962513 | Q6: 47682472 | R6: 46785858 | S6: 50298117 | T6: 47039078 | U6: 45940812 | V6: 47791439 | W6: 46312987 | X6: 44969809 | Y6: 44483318 | Z6: 44001810 | AA6: 43099563 | AB6: 42159112 | AC6: 41831805 | AD6: 41791175 | AE6: 44333862 | AF6: 40731440 | AG6: 40148361 | AH6: 40862316 | AI6: 40996369 | AJ6: 39489412 | AK6: 36489810 | AL6: 34717402 | AM6: 33316420 | AN6: 31505956 | AO6: 31274689 | AP6: 32631046 | AQ6: 31086946 | AR6: 29064167 | AS6: 28853649 | AT6: 29821327 | AU6: 30314124 | AV6: 30334318 | AW6: 31204807 | AX6: 30285049 | AY6: 30024864 | AZ6: 29995464 | BA6: 29077319 | BB6: 31244244 | BC6: 28101253 | BD6: 27155831 | BE6: 26550724
B8: Avg No. of Modules in HP Layout | C8: Buyer | D8: # | F8: =J8 -> 9299773.4 | G8: =K8 -> 9167240.9 | H8: =IFERROR(F8/G8-1,"-") -> 0.014457194 | J8: 9299773.4 | K8: 9167240.9 | L8: 8617724 | M8: 8211149.3 | N8: 7936886.5 | O8: 8431891.3 | P8: 7881957.2 | Q8: 7619089.9 | R8: 7348113.4 | S8: 8526228.6 | T8: 7329374.3 | U8: 6624036.1 | V8: 7080341.7 | W8: 6896363.1 | X8: 6661934.5 | Y8: 6474075.2 | Z8: 6384100.3 | AA8: 6267046 | AB8: 5842865.4 | AC8: 5605666.6 | AD8: 5548449.2 | AE8: 7142240.8 | AF8: 5488059.7 | AG8: 5111628 | AH8: 5382372.3 | AI8: 5417933.9 | AJ8: 5691790.6 | AK8: 5382215 | AL8: 5305792.5 | AM8: 4949592.8 | AN8: 4172989.7 | AO8: 4003641.2 | AP8: 4423285 | AQ8: 4170947.5 | AR8: 3509372.4 | AS8: 3374318.6 | AT8: 3440722.6 | AU8: 3477646.6 | AV8: 3572391.8 | AW8: 3910777.5 | AX8: 4028777.5 | AY8: 4135524.3 | AZ8: 4039152.2 | BA8: 3735740.2 | BB8: 4730740.3 | BC8: 3739082.5 | BD8: 3417895.6 | BE8: 3195191.8
B9: Avg No. of Modules in HP Layout | C9: Buyer% | D9: % | F9: =J9 -> 0.17026646 | G9: =K9 -> 0.16910481 | H9: =IFERROR(F9/G9-1,"-") -> 0.0068693955 | J9: 0.17026646 | K9: 0.16910481 | L9: 0.16522701 | M9: 0.16103118 | N9: 0.16172903 | O9: 0.16987759 | P9: 0.16433579 | Q9: 0.15978806 | R9: 0.15705843 | S9: 0.16951388 | T9: 0.15581458 | U9: 0.14418631 | V9: 0.14815084 | W9: 0.14890776 | X9: 0.14814238 | Y9: 0.1455394 | Z9: 0.14508722 | AA9: 0.14540857 | AB9: 0.13859081 | AC9: 0.13400489 | AD9: 0.13276605 | AE9: 0.16110125 | AF9: 0.13473768 | AG9: 0.12731847 | AH9: 0.13171971 | AI9: 0.13215643 | AJ9: 0.1441346 | AK9: 0.14749913 | AL9: 0.15282804 | AM9: 0.14856317 | AN9: 0.13245082 | AO9: 0.12801538 | AP9: 0.1355545 | AQ9: 0.13417038 | AR9: 0.12074567 | AS9: 0.11694599 | AT9: 0.11537792 | AU9: 0.11472034 | AV9: 0.11776733 | AW9: 0.12532612 | AX9: 0.13302859 | AY9: 0.13773665 | AZ9: 0.13465877 | BA9: 0.12847609 | BB9: 0.15141158 | BC9: 0.1330575 | BD9: 0.12586231 | BE9: 0.12034293
B10: Avg No. of Modules in HP Layout | C10: Order | D10: # | F10: =J10 -> 15672498 | G10: =K10 -> 15775174 | H10: =IFERROR(F10/G10-1,"-") -> -0.0065087521 | J10: 15672498 | K10: 15775174 | L10: 14732062 | M10: 13920792 | N10: 13472649 | O10: 14402825 | P10: 13492389 | Q10: 12656810 | R10: 12090977 | S10: 14954659 | T10: 12172754 | U10: 10700178 | V10: 11893288 | W10: 11349069 | X10: 10832472 | Y10: 10532641 | Z10: 10421175 | AA10: 10128015 | AB10: 9422000.6 | AC10: 9005296.8 | AD10: 8914666.3 | AE10: 12135990 | AF10: 8741179.6 | AG10: 8004398.7 | AH10: 8736320.1 | AI10: 8696138.4 | AJ10: 9177421.6 | AK10: 8581383.5 | AL10: 8303691 | AM10: 7901592.9 | AN10: 6829151.8 | AO10: 6359977.1 | AP10: 7477420.9 | AQ10: 6891484.8 | AR10: 5648787.7 | AS10: 5317797.3 | AT10: 5593778 | AU10: 5481225.9 | AV10: 5647150.5 | AW10: 6255116.1 | AX10: 6728266.3 | AY10: 7062519 | AZ10: 6851324.1 | BA10: 6154880.5 | BB10: 8594126.4 | BC10: 6538882.5 | BD10: 5785703.7 | BE10: 5313141.8
C11: Order/U | D11: # | F11: =J11 -> 0.28694255 | G11: =K11 -> 0.290999 | H11: =IFERROR(F11/G11-1,"-") -> -0.013939732 | J11: 0.28694255 | K11: 0.290999 | L11: 0.28245677 | M11: 0.2730046 | N11: 0.27453063 | O11: 0.29017419 | P11: 0.28131114 | Q11: 0.26543947 | R11: 0.25843231 | S11: 0.29732047 | T11: 0.2587796 | U11: 0.23291226 | V11: 0.24885813 | W11: 0.24505155 | X11: 0.24088322 | Y11: 0.23677733 | Z11: 0.23683514 | AA11: 0.23499113 | AB11: 0.22348669 | AC11: 0.21527393 | AD11: 0.21331456 | AE11: 0.27374088 | AF11: 0.21460522 | AG11: 0.1993705 | AH11: 0.21379894 | AI11: 0.21211972 | AJ11: 0.23240208 | AK11: 0.23517205 | AL11: 0.23917951 | AM11: 0.23716813 | AN11: 0.21675749 | AO11: 0.2033586 | AP11: 0.22915051 | AQ11: 0.2216842 | AR11: 0.19435574 | AS11: 0.18430242 | AT11: 0.18757643 | AU11: 0.18081426 | AV11: 0.18616375 | AW11: 0.2004536 | AX11: 0.22216461 | AY11: 0.23522235 | AZ11: 0.22841201 | BA11: 0.2116729 | BB11: 0.27506271 | BC11: 0.23269007 | BD11: 0.21305566 | BE11: 0.20011288
B12: HP UV | C12: GMV | D12: # | F12: =J12 -> 1.0804285e+08 | G12: =K12 -> 107362748 | H12: =IFERROR(F12/G12-1,"-") -> 0.0063345999 | J12: 1.0804285e+08 | K12: 1.0736275e+08 | L12: 1.0139538e+08 | M12: 95827834 | N12: 92734227 | O12: 96341900 | P12: 90841525 | Q12: 86810844 | R12: 84546280 | S12: 1.0337518e+08 | T12: 93543933 | U12: 88136670 | V12: 91417977 | W12: 86185188 | X12: 84740176 | Y12: 81574988 | Z12: 77021527 | AA12: 76309258 | AB12: 72728239 | AC12: 73964759 | AD12: 71494501 | AE12: 91668745 | AF12: 72482351 | AG12: 70041008 | AH12: 75860064 | AI12: 74338202 | AJ12: 72956446 | AK12: 64643250 | AL12: 63280938 | AM12: 61772586 | AN12: 58168821 | AO12: 58728961 | AP12: 62753627 | AQ12: 59310014 | AR12: 52678003 | AS12: 48711122 | AT12: 51730954 | AU12: 51170531 | AV12: 52319865 | AW12: 58353265 | AX12: 58977554 | AY12: 60062590 | AZ12: 56752694 | BA12: 50166169 | BB12: 69907530 | BC12: 54267508 | BD12: 49459567 | BE12: 48553139
B14: Avg No. of Modules in HP Layout | C14: Ads Gross Rev | D14: # | F14: =J14 -> 4021522 | G14: =K14 -> 3956203.7 | H14: =IFERROR(F14/G14-1,"-") -> 0.016510343 | J14: 4021522 | K14: 3956203.7 | L14: 3508499.7 | M14: 3311650.6 | N14: 3074948.9 | O14: 3076334.4 | P14: 2870880.4 | Q14: 2514048.9 | R14: 2285438 | S14: 2796795.3 | T14: 2421795.8 | U14: 2273250.9 | V14: 2458682.6 | W14: 2245772.7 | X14: 2139772.1 | Y14: 1971253.8 | Z14: 1734083.5 | AA14: 1647179.5 | AB14: 1559243.8 | AC14: 1459845.4 | AD14: 1354327.3 | AE14: 1689229.5 | AF14: 1355750.4 | AG14: 1322916 | AH14: 1398208.1 | AI14: 1233219.2 | AJ14: 1190141.2 | AK14: 1078075.6 | AL14: 1013919.4 | AM14: 997804.78 | AN14: 939375.4 | AO14: 897325.22 | AP14: 952656.5 | AQ14: 954777.92 | AR14: 845753.33 | AS14: 784579.24
C15: Gross Take Rate | D15: % | F15: =J15 -> 0.037221547 | G15: =K15 -> 0.036848942 | H15: =IFERROR(F15/G15-1,"-") -> 0.010111689 | J15: 0.037221547 | K15: 0.036848942 | L15: 0.034602164 | M15: 0.034558337 | N15: 0.033158727 | O15: 0.031931427 | P15: 0.031603172 | Q15: 0.028960079 | R15: 0.027031799 | S15: 0.027054803 | T15: 0.025889395 | U15: 0.025792339 | V15: 0.026894957 | W15: 0.026057526 | X15: 0.025250976 | Y15: 0.024164929 | Z15: 0.022514271 | AA15: 0.021585578 | AB15: 0.021439317 | AC15: 0.019737039 | AD15: 0.018943097 | AE15: 0.018427541 | AF15: 0.018704559 | AG15: 0.018887735 | AH15: 0.018431412 | AI15: 0.016589306 | AJ15: 0.016313036 | AK15: 0.016677311 | AL15: 0.016022509 | AM15: 0.016152874 | AN15: 0.016149122 | AO15: 0.015279093 | AP15: 0.015180899 | AQ15: 0.01609809 | AR15: 0.016055152 | AS15: 0.016106778
B16: Avg No. of Modules in HP Layout | C16: Ads Direct ROI | D16: # | F16: =J16 -> 8.2895327 | G16: =K16 -> 8.3874931 | H16: =IFERROR(F16/G16-1,"-") -> -0.011679345 | J16: 8.2895327 | K16: 8.3874931 | L16: 8.4799086 | M16: 8.2792872 | N16: 8.0099934 | O16: 8.171763 | P16: 8.4562637 | Q16: 8.1356944 | R16: 8.3701215 | S16: 8.2742349 | T16: 7.7792749 | U16: 7.7678387 | V16: 7.4320219 | W16: 7.2319998 | X16: 6.996491 | Y16: 7.071816 | Z16: 7.1421799 | AA16: 6.8093504 | AB16: 6.4141707 | AC16: 6.3957797 | AD16: 6.4790232 | AE16: 6.261017 | AF16: 5.955 | AG16: 5.8934268 | AH16: 5.9575984 | AI16: 6.2891878 | AJ16: 6.4407653 | AK16: 6.4238087 | AL16: 6.5417707 | AM16: 6.3809701 | AN16: 6.3039311 | AO16: 6.3439469 | AP16: 6.3908585 | AQ16: 6.010546 | AR16: 6.050251 | AS16: 5.8399197
B18: Avg No. of Modules in HP Layout | C18: Ads Net Rev | D18: # | F18: =J18 -> 3841066.9 | G18: =K18 -> 3775870.9 | H18: =IFERROR(F18/G18-1,"-") -> 0.017266486 | J18: 3841066.9 | K18: 3775870.9 | L18: 3337642 | M18: 3134254.2 | N18: 2956712.7 | O18: 2979402.2 | P18: 2781206.2 | Q18: 2441520.9 | R18: 2224095.9 | S18: 2688034.2 | T18: 2329339.7 | U18: 2195502 | V18: 2348003 | W18: 2132807.2 | X18: 2023718.7 | Y18: 1865575.9 | Z18: 1638760.5 | AA18: 1559213.3 | AB18: 1491583.4 | AC18: 1397257 | AD18: 1282471.5
C19: Net Take Rate | D19: % | F19: =J19 -> 0.035551329 | G19: =K19 -> 0.035169283 | H19: =IFERROR(F19/G19-1,"-") -> 0.010863073 | J19: 0.035551329 | K19: 0.035169283 | L19: 0.032917099 | M19: 0.032707138 | N19: 0.031883726 | O19: 0.0309253 | P19: 0.030616023 | Q19: 0.028124607 | R19: 0.026306254 | S19: 0.026002703 | T19: 0.024901024 | U19: 0.024910199 | V19: 0.025684259 | W19: 0.024746795 | X19: 0.023881455 | Y19: 0.022869459 | Z19: 0.021276656 | AA19: 0.020432819 | AB19: 0.020508999 | AC19: 0.018890847 | AD19: 0.017938044
B21: Avg No. of Modules in HP Layout | C21: Ads Net Rev (excl 1p/sip) | D21: # | F21: =J21 -> 3841066.9 | G21: =K21 -> 3775870.9 | H21: =IFERROR(F21/G21-1,"-") -> 0.017266486 | J21: 3841066.9 | K21: 3775870.9 | L21: 3337642 | M21: 3134254.2 | N21: 2956712.7 | O21: 2979402.2 | P21: 2781206.2 | Q21: 2441520.9 | R21: 2224095.9 | S21: 2688034.2 | T21: 2329339.7 | U21: 2195502 | V21: 2348017.3 | W21: 2132868.4 | X21: 2023834.5 | Y21: 1865751.4 | Z21: 1638823.1 | AA21: 1559330.8 | AB21: 1491616.6 | AC21: 1397267.5 | AD21: 1282474
C22: Net Take Rate (excl 1p/sip) | D22: % | F22: =J22 -> 0.035551329 | G22: =K22 -> 0.035169283 | H22: =IFERROR(F22/G22-1,"-") -> 0.010863073 | J22: 0.035551329 | K22: 0.035169283 | L22: 0.032917099 | M22: 0.032707138 | N22: 0.031883726 | O22: 0.0309253 | P22: 0.030616023 | Q22: 0.028124607 | R22: 0.026306254 | S22: 0.026002703 | T22: 0.024901024 | U22: 0.024910199 | V22: 0.025684415 | W22: 0.024747505 | X22: 0.023882822 | Y22: 0.022871611 | Z22: 0.021277469 | AA22: 0.020434359 | AB22: 0.020509456 | AC22: 0.018890989 | AD22: 0.017938079
B24: Avg No. of Modules in HP Layout | C24: Commission Fee | D24: USD | F24: =J24 -> 7906537.9 | G24: =K24 -> 8037847.4 | H24: =IFERROR(F24/G24-1,"-") -> -0.016336399 | J24: 7906537.9 | K24: 8037847.4 | L24: 7453210.9 | M24: 6936257.7 | N24: 6717889.1 | O24: 7020840.1 | P24: 6691928.3 | Q24: 6136841.6 | R24: 5838252.7 | S24: 7598556.2 | T24: 6078019.6 | U24: 5802082.8 | V24: 6116486.9 | W24: 5712392.1 | X24: 5615767.1 | Y24: 5398553.3 | Z24: 4241870.5 | AA24: 4116570.4 | AB24: 3897195.2 | AC24: 3914972.5 | AD24: 3796230.6 | AE24: 5063331.8 | AF24: 3826420 | AG24: 3683511.3 | AH24: 3814808.7 | AI24: 2900494.1 | AJ24: 2816336.3 | AK24: 2536967 | AL24: 2476240.7 | AM24: 2430734 | AN24: 2221500.4 | AO24: 2192983.1 | AP24: 2425406.6 | AQ24: 2276819.2 | AR24: 1968976.9 | AS24: 1810007.8 | AT24: 1242313.9 | AU24: 1217465.2 | AV24: 1231949 | AW24: 1363854.9 | AX24: 1391032.4 | AY24: 1418095.7 | AZ24: 1349382.6 | BA24: 1201313.9 | BB24: 1735896.6 | BC24: 1276425.4 | BD24: 956597.89 | BE24: 771929.31
B25: Avg No. of Modules in HP Layout | C25: Commission Rate | D25: % | F25: =J25 -> 0.073179651 | G25: =K25 -> 0.07486626 | H25: =IFERROR(F25/G25-1,"-") -> -0.022528292 | J25: 0.073179651 | K25: 0.07486626 | L25: 0.073506412 | M25: 0.072382494 | N25: 0.072442391 | O25: 0.072874213 | P25: 0.073665961 | Q25: 0.070692109 | R25: 0.069053928 | S25: 0.073504645 | T25: 0.064975027 | U25: 0.065830519 | V25: 0.066906829 | W25: 0.066280438 | X25: 0.06627042 | Y25: 0.066179026 | Z25: 0.05507383 | AA25: 0.053945884 | AB25: 0.053585722 | AC25: 0.052930241 | AD25: 0.053098219 | AE25: 0.055235094 | AF25: 0.052791059 | AG25: 0.052590781 | AH25: 0.050287444 | AI25: 0.039017545 | AJ25: 0.038602981 | AK25: 0.03924566 | AL25: 0.039130911 | AM25: 0.03934972 | AN25: 0.03819057 | AO25: 0.037340744 | AP25: 0.038649663 | AQ25: 0.038388445 | AR25: 0.037377593 | AS25: 0.037157999 | AT25: 0.024014904 | AU25: 0.023792312 | AV25: 0.023546486 | AW25: 0.023372383 | AX25: 0.023585794 | AY25: 0.023610299 | AZ25: 0.023776539 | BA25: 0.023946694 | BB25: 0.024831324 | BC25: 0.023520988 | BD25: 0.019341008 | BE25: 0.015898649
B26: Avg No. of Modules in HP Layout | C26: Total Rebate | D26: USD | F26: =J26 -> 20379290 | G26: =K26 -> 21756623 | H26: =IFERROR(F26/G26-1,"-") -> -0.063306385 | J26: 20379290 | K26: 21756623 | L26: 19970083 | M26: 18656948 | N26: 17142376 | O26: 18038563 | P26: 18319279 | Q26: 17113363 | R26: 15723829 | S26: 22043888 | T26: 16333558 | U26: 14810674 | V26: 18654568 | W26: 16438123 | X26: 15843171 | Y26: 14851637 | Z26: 13164629 | AA26: 11958655 | AB26: 11014624 | AC26: 9821793.7 | AD26: 9794538.7 | AE26: 14491608 | AF26: 9507152.5 | AG26: 8450781.3 | AH26: 9034985.8 | AI26: 9279267.2 | AJ26: 11231362 | AK26: 10751194 | AL26: 10380536 | AM26: 9911189.6 | AN26: 7307600.9 | AO26: 6040016 | AP26: 7116120.3 | AQ26: 6879327.4 | AR26: 4921875.7 | AS26: 4224702.3 | AT26: 4382660 | AU26: 4313715.5 | AV26: 4742665.2 | AW26: 5946654.7 | AX26: 6840516.9 | AY26: 7415459.6 | AZ26: 7260593.1 | BA26: 6177381.7 | BB26: 9008185.4 | BC26: 6688877.3 | BD26: 5294690.1 | BE26: 4695628.1
C27: rebate per order
C28: Order% by Channel (incl. ads & non-item cards) | D28: UNIT
C29: Total | F29: =J29 -> 1 | G29: =K29 -> 1 | H29: =IFERROR(F29/G29-1,"-") -> 0 | J29: 1 | K29: 1 | L29: 1 | M29: 1 | N29: 1 | O29: 1 | P29: 1 | Q29: 1 | R29: 1 | S29: 1 | T29: 1 | U29: 1 | V29: 1 | W29: 1 | X29: 1 | Y29: 1 | Z29: 1 | AA29: 1 | AB29: 1 | AC29: 1 | AD29: 1 | AE29: 1 | AF29: 1 | AG29: 1 | AH29: 1 | AI29: 1 | AJ29: 1 | AK29: 1 | AL29: 1 | AM29: 1 | AN29: 1 | AO29: 1 | AP29: 1 | AQ29: 1 | AR29: 1 | AS29: 1
B30: Platform DAU | C30: Global Search | D30: % | F30: =J30 -> 0.41996937 | G30: =K30 -> 0.42577726 | H30: =IFERROR(F30/G30-1,"-") -> -0.013640683 | J30: 0.41996937 | K30: 0.42577726 | L30: 0.42476349 | M30: 0.43119977 | N30: 0.42819857 | O30: 0.42919794 | P30: 0.41273547 | Q30: 0.42084669 | R30: 0.42770686 | S30: 0.39863917 | T30: 0.39685122 | U30: 0.39825407 | V30: 0.39290243 | W30: 0.39890802 | X30: 0.39308662 | Y30: 0.38962709 | Z30: 0.3833187 | AA30: 0.38871926 | AB30: 0.38802654 | AC30: 0.38739968 | AD30: 0.39714656 | AE30: 0.36611955 | AF30: 0.3694637 | AG30: 0.36397809 | AH30: 0.3415155 | AI30: 0.34131013 | AJ30: 0.35124782 | AK30: 0.34302629 | AL30: 0.32689978 | AM30: 0.34663098 | AN30: 0.37104047 | AO30: 0.37401754 | AP30: 0.36044824 | AQ30: 0.35608091 | AR30: 0.36115304 | AS30: 0.3542502
B31: Platform DAU | C31: Daily Discover | D31: % | F31: =J31 -> 0.091565077 | G31: =K31 -> 0.089893455 | H31: =IFERROR(F31/G31-1,"-") -> 0.0185956 | J31: 0.091565077 | K31: 0.089893455 | L31: 0.088008602 | M31: 0.084875905 | N31: 0.086578474 | O31: 0.084053062 | P31: 0.084625933 | Q31: 0.081672886 | R31: 0.079451735 | S31: 0.083696766 | T31: 0.074281718 | U31: 0.067080015 | V31: 0.071027329 | W31: 0.070126872 | X31: 0.067736158 | Y31: 0.062681815 | Z31: 0.057106191 | AA31: 0.055258064 | AB31: 0.052601621 | AC31: 0.053063358 | AD31: 0.055862389 | AE31: 0.05515994 | AF31: 0.04908313 | AG31: 0.048905003 | AH31: 0.057890976 | AI31: 0.048247967 | AJ31: 0.04345408 | AK31: 0.037371086 | AL31: 0.032313602 | AM31: 0.032561236 | AN31: 0.034389908 | AO31: 0.033816235 | AP31: 0.040350131 | AQ31: 0.036961477 | AR31: 0.031359859 | AS31: 0.029303408
B32: Platform DAU | C32: You May Also Like | D32: % | F32: =J32 -> 0.086516118 | G32: =K32 -> 0.08375144 | H32: =IFERROR(F32/G32-1,"-") -> 0.033010516 | J32: 0.086516118 | K32: 0.08375144 | L32: 0.085108831 | M32: 0.078970376 | N32: 0.082113274 | O32: 0.081490081 | P32: 0.081431072 | Q32: 0.086429884 | R32: 0.090520723 | S32: 0.096970715 | T32: 0.093182467 | U32: 0.094073233 | V32: 0.092286597 | W32: 0.09037764 | X32: 0.099237489 | Y32: 0.10163042 | Z32: 0.10650116 | AA32: 0.10031307 | AB32: 0.096690748 | AC32: 0.098039865 | AD32: 0.1077038 | AE32: 0.11465562 | AF32: 0.10894815 | AG32: 0.11492997 | AH32: 0.11175827 | AI32: 0.11616819 | AJ32: 0.11954532 | AK32: 0.11765413 | AL32: 0.11878166 | AM32: 0.12555438 | AN32: 0.1382889 | AO32: 0.13010096 | AP32: 0.14169858 | AQ32: 0.13172659 | AR32: 0.11953902 | AS32: 0.12539835
B33: Platform DAU | C33: Post Purchase | D33: % | F33: =J33 -> 0.043654893 | G33: =K33 -> 0.047154686 | H33: =IFERROR(F33/G33-1,"-") -> -0.07421941 | J33: 0.043654893 | K33: 0.047154686 | L33: 0.048093715 | M33: 0.046480526 | N33: 0.041749682 | O33: 0.041510177 | P33: 0.044608421 | Q33: 0.039348766 | R33: 0.040181578 | S33: 0.041744702 | T33: 0.038085094 | U33: 0.034479424 | V33: 0.036755015 | W33: 0.033630065 | X33: 0.03368 | Y33: 0.034223019 | Z33: 0.032700935 | AA33: 0.029886629 | AB33: 0.031301776 | AC33: 0.031177443 | AD33: 0.03183591 | AE33: 0.031605038 | AF33: 0.031662947 | AG33: 0.031332243 | AH33: 0.031092616 | AI33: 0.03188738 | AJ33: 0.033230613 | AK33: 0.032188499 | AL33: 0.033228831 | AM33: 0.032345864 | AN33: 0.034027706 | AO33: 0.034476769 | AP33: 0.033526708 | AQ33: 0.033343902 | AR33: 0.033055402 | AS33: 0.031783088
B34: Platform DAU | C34: Private Domain | D34: % | F34: =J34 -> 0.10411558 | G34: =K34 -> 0.10487352 | H34: =IFERROR(F34/G34-1,"-") -> -0.0072272142 | J34: 0.10411558 | K34: 0.10487352 | L34: 0.10906744 | M34: 0.11377684 | N34: 0.11837862 | O34: 0.12411885 | P34: 0.12636083 | Q34: 0.12878147 | R34: 0.13015957 | S34: 0.1300153 | T34: 0.13175698 | U34: 0.13368413 | V34: 0.13530054 | W34: 0.13541694 | X34: 0.13719851 | Y34: 0.13659164 | Z34: 0.13676968 | AA34: 0.14033304 | AB34: 0.14570118 | AC34: 0.15200423 | AD34: 0.14508671 | AE34: 0.14122861 | AF34: 0.15631465 | AG34: 0.16616687 | AH34: 0.16257717 | AI34: 0.16901969 | AJ34: 0.16382091 | AK34: 0.15541787 | AL34: 0.161019 | AM34: 0.17388792 | AN34: 0.19199219 | AO34: 0.19827674 | AP34: 0.18730343 | AQ34: 0.19012399 | AR34: 0.19834319 | AS34: 0.20082029
B35: Platform DAU | C35: Live Streaming | D35: % | F35: =J35 -> 0.08335366 | G35: =K35 -> 0.074312321 | H35: =IFERROR(F35/G35-1,"-") -> 0.12166676 | J35: 0.08335366 | K35: 0.074312321 | L35: 0.068007256 | M35: 0.065635662 | N35: 0.061277047 | O35: 0.058915746 | P35: 0.061479249 | Q35: 0.064247878 | R35: 0.06102099 | S35: 0.07195856 | T35: 0.081163686 | U35: 0.08550827 | V35: 0.093707982 | W35: 0.092787418 | X35: 0.088238697 | Y35: 0.094974958 | Z35: 0.093550844 | AA35: 0.09646019 | AB35: 0.098576671 | AC35: 0.09018127 | AD35: 0.072478569 | AE35: 0.086900234 | AF35: 0.089594938 | AG35: 0.082313293 | AH35: 0.094692414 | AI35: 0.10579404 | AJ35: 0.11182447 | AK35: 0.12569799 | AL35: 0.1447071 | AM35: 0.097306962 | AN35: 0.016643547 | AO35: 0.01730511 | AP35: 0.016057056 | AQ35: 0.019432478 | AR35: 0.017133682 | AS35: 0.014087443
B36: Platform DAU | C36: Video | D36: % | F36: =J36 -> 0.070149769 | G36: =K36 -> 0.069265421 | H36: =IFERROR(F36/G36-1,"-") -> 0.012767532 | J36: 0.070149769 | K36: 0.069265421 | L36: 0.066751262 | M36: 0.065123105 | N36: 0.11508838 | O36: 0.099592145 | P36: 0.10122117 | Q36: 0.089049226 | R36: 0.076269268 | S36: 0.077573474 | T36: 0.062914067 | U36: 0.056162274 | V36: 0.060274249 | W36: 0.058561693 | X36: 0.059479951 | Y36: 0.060604477 | Z36: 0.062559167 | AA36: 0.074229668 | AB36: 0.0852208 | AC36: 0.091186661 | AD36: 0.10229945 | AE36: 0.0992466 | AF36: 0.054134726 | AG36: 0.049822001 | AH36: 0.05901811 | AI36: 0.029131201 | AJ36: 0.015638277 | AK36: 0.012484972 | AL36: 0.010359441 | AM36: 0.010411311 | AN36: 0.0098235333 | AO36: 0.00846729 | AP36: 0.0085756794 | AQ36: 0.0060657624 | AR36: 0.004574172 | AS36: 0.0037025626
B37: Platform DAU | C37: Others | D37: % | F37: =J37 -> 0.10067553 | G37: =K37 -> 0.10497189 | H37: =IFERROR(F37/G37-1,"-") -> -0.040928665 | J37: 0.10067553 | K37: 0.10497189 | L37: 0.11019941 | M37: 0.11393781 | N37: 0.066615947 | O37: 0.081121998 | P37: 0.087537858 | Q37: 0.089623201 | R37: 0.094689275 | S37: 0.099401319 | T37: 0.12176477 | U37: 0.13075859 | V37: 0.11774586 | W37: 0.12019135 | X37: 0.12134258 | Y37: 0.11966657 | Z37: 0.12749332 | AA37: 0.11480008 | AB37: 0.10188066 | AC37: 0.096947495 | AD37: 0.087586606 | AE37: 0.10508441 | AF37: 0.14079776 | AG37: 0.14255254 | AH37: 0.14145494 | AI37: 0.1584414 | AJ37: 0.16123851 | AK37: 0.17615917 | AL37: 0.17269059 | AM37: 0.18130135 | AN37: 0.20379374 | AO37: 0.20353935 | AP37: 0.21204017 | AQ37: 0.22626489 | AR37: 0.23484163 | AS37: 0.24065466
C39: Rev% by Channel (incl. ads & non-item cards) | D39: UNIT
C40: Total | D40: % | F40: =J40 -> 1 | G40: =K40 -> 1 | H40: =IFERROR(F40/G40-1,"-") -> 0 | J40: 1 | K40: 1 | L40: 1 | M40: 1 | N40: 1 | O40: 1 | P40: 1 | Q40: 1 | R40: 1 | S40: 1 | T40: 1 | U40: 1 | V40: 1 | W40: 1 | X40: 1 | Y40: 1 | Z40: 1 | AA40: 1 | AB40: 1 | AC40: 1 | AD40: 1 | AE40: 1 | AF40: 1 | AG40: 1 | AH40: 1 | AI40: 1 | AJ40: 1 | AK40: 1 | AL40: 1 | AM40: 1 | AN40: 1 | AO40: 1 | AP40: 1 | AQ40: 1 | AR40: 1 | AS40: 1
B41: Platform DAU | C41: Search | D41: % | F41: =J41 -> 0.58969187 | G41: =K41 -> 0.57361004 | H41: =IFERROR(F41/G41-1,"-") -> 0.028036184 | J41: 0.58969187 | K41: 0.57361004 | L41: 0.58462806 | M41: 0.5868641 | N41: 0.60795106 | O41: 0.60203608 | P41: 0.60334048 | Q41: 0.61379186 | R41: 0.60662746 | S41: 0.56203858 | T41: 0.59046288 | U41: 0.59435176 | V41: 0.58177018 | W41: 0.59633442 | X41: 0.61503125 | Y41: 0.62950905 | Z41: 0.62335844 | AA41: 0.63759731 | AB41: 0.63832988 | AC41: 0.6382384 | AD41: 0.6349601 | AE41: 0.64101139 | AF41: 0.65202688 | AG41: 0.64812971 | AH41: 0.62860913 | AI41: 0.62773482 | AJ41: 0.62947363 | AK41: 0.62523932 | AL41: 0.63151651 | AM41: 0.63927808 | AN41: 0.64677894 | AO41: 0.66486895 | AP41: 0.65127046 | AQ41: 0.65701706 | AR41: 0.66104481 | AS41: 0.65819717
B42: Platform DAU | C42: Daily Discover | D42: % | F42: =J42 -> 0.1268152 | G42: =K42 -> 0.13161053 | H42: =IFERROR(F42/G42-1,"-") -> -0.036435794 | J42: 0.1268152 | K42: 0.13161053 | L42: 0.12555211 | M42: 0.1200046 | N42: 0.11965919 | O42: 0.13082606 | P42: 0.12731612 | Q42: 0.10818396 | R42: 0.10572316 | S42: 0.12577915 | T42: 0.10382088 | U42: 0.098257336 | V42: 0.099857088 | W42: 0.098562225 | X42: 0.092076751 | Y42: 0.095469868 | Z42: 0.090646429 | AA42: 0.086968263 | AB42: 0.091481557 | AC42: 0.099372058 | AD42: 0.094138943 | AE42: 0.086130234 | AF42: 0.078662376 | AG42: 0.078455972 | AH42: 0.09254248 | AI42: 0.095729066 | AJ42: 0.096207659 | AK42: 0.091957191 | AL42: 0.088454769 | AM42: 0.090442709 | AN42: 0.093660499 | AO42: 0.092215745 | AP42: 0.10186924 | AQ42: 0.1047963 | AR42: 0.10232166 | AS42: 0.10443903
B43: Platform DAU | C43: RCMD | D43: % | F43: =J43 -> 0.15325178 | G43: =K43 -> 0.16818099 | H43: =IFERROR(F43/G43-1,"-") -> -0.08876875 | J43: 0.15325178 | K43: 0.16818099 | L43: 0.16074698 | M43: 0.16997706 | N43: 0.16424869 | O43: 0.16307881 | P43: 0.16652002 | Q43: 0.16900749 | R43: 0.17519943 | S43: 0.19482316 | T43: 0.17859825 | U43: 0.17627346 | V43: 0.18626135 | W43: 0.1739375 | X43: 0.15819395 | Y43: 0.14970339 | Z43: 0.155265 | AA43: 0.1528094 | AB43: 0.15241404 | AC43: 0.1477982 | AD43: 0.15861098 | AE43: 0.16887171 | AF43: 0.16630154 | AG43: 0.16907168 | AH43: 0.17652545 | AI43: 0.17655698 | AJ43: 0.171796 | AK43: 0.17485574 | AL43: 0.17468502 | AM43: 0.18347027 | AN43: 0.1797064 | AO43: 0.16983415 | AP43: 0.17418958 | AQ43: 0.172274 | AR43: 0.17395098 | AS43: 0.18257204
B44: Platform DAU | C44: Game | D44: % | F44: =J44 -> 0.01376999 | G44: =K44 -> 0.017354993 | H44: =IFERROR(F44/G44-1,"-") -> -0.206569 | J44: 0.01376999 | K44: 0.017354993 | L44: 0.01950937 | M44: 0.022948522 | N44: 0.012778374 | O44: 0.008502996 | P44: 0.0073900625 | Q44: 0.013582368 | R44: 0.016504283 | S44: 0.017524668 | T44: 0.025038388 | U44: 0.032241551 | V44: 0.031034058 | W44: 0.032347495 | X44: 0.035964255 | Y44: 0.033670766 | Z44: 0.044839024 | AA44: 0.043521793 | AB44: 0.04394579 | AC44: 0.045923271 | AD44: 0.043444316 | AE44: 0.039918775 | AF44: 0.047847058 | AG44: 0.05121125 | AH44: 0.047483619 | AI44: 0.045612627 | AJ44: 0.047233958 | AK44: 0.054707764 | AL44: 0.055418102 | AM44: 0.039385677 | AN44: 0.036457993 | AO44: 0.029616026 | AP44: 0.030190668 | AQ44: 0.024964352 | AR44: 0.022151852 | AS44: 0.015825161
B45: Platform DAU | C45: Brand | D45: % | F45: =J45 -> 0.047643765 | G45: =K45 -> 0.045308373 | H45: =IFERROR(F45/G45-1,"-") -> 0.051544388 | J45: 0.047643765 | K45: 0.045308373 | L45: 0.049619268 | M45: 0.050312713 | N45: 0.050000167 | O45: 0.050122027 | P45: 0.051162735 | Q45: 0.053573104 | R45: 0.054793112 | S45: 0.054124383 | T45: 0.05288292 | U45: 0.050973333 | V45: 0.053246243 | W45: 0.056967011 | X45: 0.058209776 | Y45: 0.056161369 | Z45: 0.05240348 | AA45: 0.050681097 | AB45: 0.049931301 | AC45: 0.049756268 | AD45: 0.05317564 | AE45: 0.050095764 | AF45: 0.050900906 | AG45: 0.050678763 | AH45: 0.054030887 | AI45: 0.052146543 | AJ45: 0.055287697 | AK45: 0.053239939 | AL45: 0.0499256 | AM45: 0.047423263 | AN45: 0.043396167 | AO45: 0.043465128 | AP45: 0.042480058 | AQ45: 0.040948289 | AR45: 0.040530692 | AS45: 0.038966602
B46: Platform DAU | C46: Live Streaming | D46: % | F46: =J46 -> 0.024494158 | G46: =K46 -> 0.026870798 | H46: =IFERROR(F46/G46-1,"-") -> -0.088446943 | J46: 0.024494158 | K46: 0.026870798 | L46: 0.029504475 | M46: 0.026314053 | N46: 0.027137042 | O46: 0.028025882 | P46: 0.028483391 | Q46: 0.028987933 | R46: 0.029771284 | S46: 0.035262348 | T46: 0.038562365 | U46: 0.039307726 | V46: 0.038360765 | W46: 0.032752197 | X46: 0.031442241 | Y46: 0.031963428 | Z46: 0.03134506 | AA46: 0.027438104 | AB46: 0.023299004 | AC46: 0.018797505 | AD46: 0.015663153 | AE46: 0.01172272 | AF46: 0.0040240292 | AG46: 0.0024525627 | AH46: 0.0019188712 | AI46: 0 | AJ46: 0 | AK46: 0 | AL46: 0 | AM46: 0 | AN46: 0 | AO46: 0 | AP46: 0 | AQ46: 0 | AR46: 0 | AS46: 0
B47: Platform DAU | C47: Video | D47: % | F47: =J47 -> 0.014279724 | G47: =K47 -> 0.015527458 | H47: =IFERROR(F47/G47-1,"-") -> -0.080356565 | J47: 0.014279724 | K47: 0.015527458 | L47: 0.016695458 | M47: 0.015213484 | N47: 0.015222858 | O47: 0.015013956 | P47: 0.013222299 | Q47: 0.011503892 | R47: 0.0097562799 | S47: 0.0087045813 | T47: 0.0085484009 | U47: 0.0065791347 | V47: 0.0067997352 | W47: 0.0048633757 | X47: 0.0047617032 | Y47: 0.003270651 | Z47: 0.0021213629 | AA47: 0.0009839796 | AB47: 0.00026130162 | AC47: 4.4361952e-05 | AD47: 6.8741783e-06 | AE47: 0 | AF47: 0 | AG47: 0 | AH47: 0 | AI47: 0 | AJ47: 0 | AK47: 0 | AL47: 0 | AM47: 0 | AN47: 0 | AO47: 0 | AP47: 0 | AQ47: 0 | AR47: 0 | AS47: 0
B48: Platform DAU | C48: Undefined | D48: % | F48: =J48 -> 0.030053515 | G48: =K48 -> 0.021536816 | H48: =IFERROR(F48/G48-1,"-") -> 0.39544835 | J48: 0.030053515 | K48: 0.021536816 | L48: 0.013744277 | M48: 0.0083654708 | N48: 0.0030026213 | O48: 0.002394192 | P48: 0.0025648928 | Q48: 0.0013693926 | R48: 0.0016249938 | S48: 0.0017431313 | T48: 0.0020859152 | U48: 0.002015693 | V48: 0.0026705833 | W48: 0.0042357812 | X48: 0.0043200792 | Y48: 0.00025147666 | Z48: 2.12077e-05 | AA48: 5.0498908e-08 | AB48: 0.00033712862 | AC48: 6.9930306e-05 | AD48: -1.3518298e-16 | AE48: 0.0022494074 | AF48: 0.00023720888 | AG48: 6.1756244e-08 | AH48: -0.0011104423 | AI48: 0.0022199595 | AJ48: 1.0499844e-06 | AK48: 4.4429282e-08 | AL48: 3.0139498e-16 | AM48: -1.5313127e-16 | AN48: -2.2462029e-16 | AO48: 0 | AP48: -7.6375458e-17 | AQ48: -1.9813497e-16 | AR48: -4.8176414e-16 | AS48: 1.0201077e-16
C50: Total | D50: # | F50: =K50/P50-1 -> 0 | J50: =J40*$J$14 -> 4021522 | K50: =K40*$J$14 -> 4021522 | L50: =L40*$J$14 -> 4021522 | M50: =M40*$J$14 -> 4021522 | N50: =N40*$J$14 -> 4021522 | O50: =O40*$J$14 -> 4021522 | P50: =P40*$J$14 -> 4021522 | Q50: =Q40*$J$14 -> 4021522
C51: Search | D51: # | F51: =K51/P51-1 -> -0.049276389 | J51: =J41*$J$14 -> 2371458.8 | K51: =K41*$J$14 -> 2306785.4 | L51: =L41*$J$14 -> 2351094.6 | M51: =M41*$J$14 -> 2360086.9 | N51: =N41*$J$14 -> 2444888.6 | O51: =O41*$J$14 -> 2421101.3 | P51: =P41*$J$14 -> 2426347 | Q51: =Q41*$J$14 -> 2468377.5
C52: Daily Discover | D52: # | F52: =K52/P52-1 -> 0.033730284 | J52: =J42*$J$14 -> 509990.1 | K52: =K42*$J$14 -> 529274.64 | L52: =L42*$J$14 -> 504910.57 | M52: =M42*$J$14 -> 482601.13 | N52: =N42*$J$14 -> 481212.08 | O52: =O42*$J$14 -> 526119.86 | P52: =P42*$J$14 -> 512004.58 | Q52: =Q42*$J$14 -> 435064.19
C53: RCMD | D53: # | F53: =K53/P53-1 -> 0.0099746207 | J53: =J43*$J$14 -> 616305.39 | K53: =K43*$J$14 -> 676343.57 | L53: =L43*$J$14 -> 646447.53 | M53: =M43*$J$14 -> 683566.5 | N53: =N43*$J$14 -> 660529.7 | O53: =O43*$J$14 -> 655825.04 | P53: =P43*$J$14 -> 669663.92 | Q53: =Q43*$J$14 -> 679667.34
C54: Game | D54: # | F54: =K54/P54-1 -> 1.3484231 | J54: =J44*$J$14 -> 55376.317 | K54: =K44*$J$14 -> 69793.487 | L54: =L44*$J$14 -> 78457.36 | M54: =M44*$J$14 -> 92287.986 | N54: =N44*$J$14 -> 51388.511 | O54: =O44*$J$14 -> 34194.986 | P54: =P44*$J$14 -> 29719.299 | Q54: =Q44*$J$14 -> 54621.791
C55: Brand | D55: # | F55: =K55/P55-1 -> -0.11442629 | J55: =J45*$J$14 -> 191600.45 | K55: =K45*$J$14 -> 182208.62 | L55: =L45*$J$14 -> 199544.98 | M55: =M45*$J$14 -> 202333.68 | N55: =N45*$J$14 -> 201076.77 | O55: =O45*$J$14 -> 201566.83 | P55: =P45*$J$14 -> 205752.06 | Q55: =Q45*$J$14 -> 215445.41
C56: Live Streaming | D56: # | F56: =K56/P56-1 -> -0.056615207 | J56: =J46*$J$14 -> 98503.796 | K56: =K46*$J$14 -> 108061.51 | L56: =L46*$J$14 -> 118652.89 | M56: =M46*$J$14 -> 105822.54 | N56: =N46*$J$14 -> 109132.21 | O56: =O46*$J$14 -> 112706.7 | P56: =P46*$J$14 -> 114546.58 | Q56: =Q46*$J$14 -> 116575.61

Sheet PH
C1: Region:PH
H2: Updated Date | J2: =ID!J2 -> 46000
C3: S&R&A Monthly Metrics | F3: =J3 -> 45992 | G3: =K3 -> 45962 | H3: MoM % | J3: 45992 | K3: 45962 | L3: 45931 | M3: 45901 | N3: 45870 | O3: 45839 | P3: 45809 | Q3: 45778 | R3: 45748 | S3: 45717 | T3: 45689 | U3: 45658 | V3: 45627 | W3: 45597 | X3: 45566 | Y3: 45536 | Z3: 45505 | AA3: 45474 | AB3: 45444 | AC3: 45413 | AD3: 45383 | AE3: 45352 | AF3: 45323 | AG3: 45292 | AH3: 45261 | AI3: 45231 | AJ3: 45200 | AK3: 45170 | AL3: 45139 | AM3: 45108 | AN3: 45078 | AO3: 45047 | AP3: 45017 | AQ3: 44986 | AR3: 44958 | AS3: 44927 | AT3: 44896 | AU3: 44866 | AV3: 44835 | AW3: 44805 | AX3: 44774 | AY3: 44743 | AZ3: 44713 | BA3: 44682 | BB3: 44652 | BC3: 44621 | BD3: 44593 | BE3: 44562
D5: UNIT
B6: Platform DAU | C6: Platform DAU | D6: # | F6: =J6 -> 18339237 | G6: =K6 -> 17281144 | H6: =IFERROR(F6/G6-1,"-") -> 0.061228154 | J6: 18339237 | K6: 17281144 | L6: 17102700 | M6: 16937962 | N6: 17079585 | O6: 17136959 | P6: 17384993 | Q6: 16918354 | R6: 16096330 | S6: 16817606 | T6: 16879457 | U6: 16998222 | V6: 17538042 | W6: 16611990 | X6: 16105665 | Y6: 16046110 | Z6: 15844415 | AA6: 15872346 | AB6: 15339637 | AC6: 15083827 | AD6: 15403686 | AE6: 15497054 | AF6: 15283955 | AG6: 15486221 | AH6: 15975879 | AI6: 15318218 | AJ6: 13995607 | AK6: 13468806 | AL6: 13164196 | AM6: 12108635 | AN6: 11705488 | AO6: 11815337 | AP6: 11377308 | AQ6: 11598694 | AR6: 11452259 | AS6: 11929554 | AT6: 12147941 | AU6: 11775940 | AV6: 11305193 | AW6: 11720115 | AX6: 11754149 | AY6: 11414976 | AZ6: 11119466 | BA6: 10945058 | BB6: 10583459 | BC6: 10869979 | BD6: 10647242 | BE6: 10485570
B8: Avg No. of Modules in HP Layout | C8: Buyer | D8: # | F8: =J8 -> 3612321.1 | G8: =K8 -> 3026805.7 | H8: =IFERROR(F8/G8-1,"-") -> 0.19344336 | J8: 3612321.1 | K8: 3026805.7 | L8: 2806184.9 | M8: 2716879.2 | N8: 2750229.2 | O8: 2768812.5 | P8: 2882284.9 | Q8: 2727457.3 | R8: 2395353.1 | S8: 2567528.7 | T8: 2413389.8 | U8: 2590223.8 | V8: 2709780.2 | W8: 2458284.6 | X8: 2155046.2 | Y8: 2304647.8 | Z8: 2274543.5 | AA8: 2345434.1 | AB8: 2202877.2 | AC8: 2194342.7 | AD8: 2149906.1 | AE8: 2312581.5 | AF8: 2289297.7 | AG8: 2309156.1 | AH8: 2741853.7 | AI8: 2550264.9 | AJ8: 2184323.8 | AK8: 2163916.5 | AL8: 2130713.2 | AM8: 1890641.8 | AN8: 1696701.4 | AO8: 1645089 | AP8: 1502517.4 | AQ8: 1567194.1 | AR8: 1448790.4 | AS8: 1560080.7 | AT8: 1671519.1 | AU8: 1606311.3 | AV8: 1454289.2 | AW8: 1516528.5 | AX8: 1639966.1 | AY8: 1622938.1
B9: Avg No. of Modules in HP Layout | C9: Buyer% | D9: % | F9: =J9 -> 0.19697227 | G9: =K9 -> 0.17515076 | H9: =IFERROR(F9/G9-1,"-") -> 0.12458697 | J9: 0.19697227 | K9: 0.17515076 | L9: 0.16407847 | M9: 0.16040178 | N9: 0.16102436 | O9: 0.16156965 | P9: 0.16579154 | Q9: 0.16121292 | R9: 0.14881362 | S9: 0.1526691 | T9: 0.14297793 | U9: 0.15238205 | V9: 0.1545087 | W9: 0.14798255 | X9: 0.13380672 | Y9: 0.14362658 | Z9: 0.14355491 | AA9: 0.14776859 | AB9: 0.14360687 | AC9: 0.14547652 | AD9: 0.13957089 | AE9: 0.14922717 | AF9: 0.14978438 | AG9: 0.14911037 | AH9: 0.17162459 | AI9: 0.16648574 | AJ9: 0.1560721 | AK9: 0.16066135 | AL9: 0.16185669 | AM9: 0.15613996 | AN9: 0.14494922 | AO9: 0.13923335 | AP9: 0.13206264 | AQ9: 0.13511814 | AR9: 0.12650695 | AS9: 0.13077444 | AT9: 0.13759691 | AU9: 0.1364062 | AV9: 0.12863904 | AW9: 0.12939537 | AX9: 0.13952232 | AY9: 0.14217621
B10: Avg No. of Modules in HP Layout | C10: Order | D10: # | F10: =J10 -> 6293860.1 | G10: =K10 -> 5200335.3 | H10: =IFERROR(F10/G10-1,"-") -> 0.21027967 | J10: 6293860.1 | K10: 5200335.3 | L10: 4680338 | M10: 4477740.5 | N10: 4503779.5 | O10: 4500213.5 | P10: 4750308.4 | Q10: 4423100.9 | R10: 3752026.3 | S10: 4029361.1 | T10: 3705073.8 | U10: 4011587.4 | V10: 4369959.4 | W10: 3916184.8 | X10: 3251421.3 | Y10: 3494131.3 | Z10: 3398056.9 | AA10: 3544385.1 | AB10: 3322701.8 | AC10: 3303896.6 | AD10: 3188169.3 | AE10: 3417076.2 | AF10: 3351443.1 | AG10: 3417429.6 | AH10: 4225934.7 | AI10: 3867057 | AJ10: 3255884.6 | AK10: 3179289.2 | AL10: 3158281.6 | AM10: 2896906.7 | AN10: 2597983.4 | AO10: 2523219.5 | AP10: 2317777.5 | AQ10: 2429740.2 | AR10: 2198570 | AS10: 2356529.2 | AT10: 2635698.8 | AU10: 2518974.5 | AV10: 2238847.6 | AW10: 2334330.3 | AX10: 2595115.2 | AY10: 2600493.9
C11: Order/U | D11: # | F11: =J11 -> 0.34319095 | G11: =K11 -> 0.3009254 | H11: =IFERROR(F11/G11-1,"-") -> 0.14045191 | J11: 0.34319095 | K11: 0.3009254 | L11: 0.27366076 | M11: 0.26436124 | N11: 0.26369373 | O11: 0.26260281 | P11: 0.27324189 | Q11: 0.26143801 | R11: 0.23309825 | S11: 0.23959184 | T11: 0.21950196 | U11: 0.23600042 | V11: 0.24917031 | W11: 0.23574448 | X11: 0.20188059 | Y11: 0.21775567 | Z11: 0.21446402 | AA11: 0.22330569 | AB11: 0.2166089 | AC11: 0.2190357 | AD11: 0.20697444 | AE11: 0.22049844 | AF11: 0.21927853 | AG11: 0.22067551 | AH11: 0.26451971 | AI11: 0.25244822 | AJ11: 0.23263618 | AK11: 0.23604834 | AL11: 0.2399145 | AM11: 0.23924304 | AN11: 0.22194576 | AO11: 0.2135546 | AP11: 0.20371932 | AQ11: 0.20948394 | AR11: 0.19197697 | AS11: 0.19753707 | AT11: 0.21696672 | AU11: 0.21390857 | AV11: 0.19803709 | AW11: 0.19917299 | AX11: 0.22078291 | AY11: 0.22781422
B12: HP UV | C12: GMV | D12: # | F12: =J12 -> 42286510 | G12: =K12 -> 37650711 | H12: =IFERROR(F12/G12-1,"-") -> 0.12312647 | J12: 42286510 | K12: 37650711 | L12: 33650765 | M12: 32647154 | N12: 31520378 | O12: 31797980 | P12: 33467383 | Q12: 31750349 | R12: 27462655 | S12: 27895533 | T12: 26396915 | U12: 27575230 | V12: 31454793 | W12: 28474898 | X12: 25150762 | Y12: 25605192 | Z12: 24238245 | AA12: 24248512 | AB12: 23258026 | AC12: 23737761 | AD12: 23504662 | AE12: 23609902 | AF12: 23883776 | AG12: 24785441 | AH12: 29851590 | AI12: 25895153 | AJ12: 21966750 | AK12: 21635659 | AL12: 21872099 | AM12: 20367446 | AN12: 19125161 | AO12: 19002069 | AP12: 18792346 | AQ12: 19587979 | AR12: 19544386 | AS12: 20073499 | AT12: 22624098 | AU12: 21676959 | AV12: 18223157 | AW12: 20003831 | AX12: 21136306 | AY12: 20522158
B14: Avg No. of Modules in HP Layout | C14: Ads Gross Rev | D14: # | F14: =J14 -> 1711384.1 | G14: =K14 -> 1530728.3 | H14: =IFERROR(F14/G14-1,"-") -> 0.11801948 | J14: 1711384.1 | K14: 1530728.3 | L14: 1345019.7 | M14: 1291280.3 | N14: 1208899.6 | O14: 1205351.9 | P14: 1227509.9 | Q14: 1094530.8 | R14: 882195.26 | S14: 834766.95 | T14: 764634.05 | U14: 783118.25 | V14: 909541.78 | W14: 847869.4 | X14: 785172.17 | Y14: 795607.55 | Z14: 750964.1 | AA14: 729214.65 | AB14: 696240.42 | AC14: 620957.95 | AD14: 607772.11 | AE14: 580367.19 | AF14: 526718.17 | AG14: 562227.32 | AH14: 616672.22 | AI14: 584350.39 | AJ14: 510362.24 | AK14: 494714.98 | AL14: 500195.35 | AM14: 491302.06 | AN14: 455951.68 | AO14: 425731.6 | AP14: 421108.92 | AQ14: 436964.95 | AR14: 428220.65 | AS14: 424201.02
B15: Avg No. of Modules in HP Layout | C15: Gross Take Rate | D15: % | F15: =J15 -> 0.04047116 | G15: =K15 -> 0.040656028 | H15: =IFERROR(F15/G15-1,"-") -> -0.0045471168 | J15: 0.04047116 | K15: 0.040656028 | L15: 0.039969959 | M15: 0.039552614 | N15: 0.038352954 | O15: 0.037906556 | P15: 0.036677796 | Q15: 0.034473031 | R15: 0.032123452 | S15: 0.029924754 | T15: 0.028966796 | U15: 0.028399337 | V15: 0.02891584 | W15: 0.029776029 | X15: 0.031218623 | Y15: 0.031072118 | Z15: 0.030982611 | AA15: 0.030072553 | AB15: 0.029935491 | AC15: 0.026159079 | AD15: 0.025857513 | AE15: 0.024581516 | AF15: 0.022053388 | AG15: 0.022683773 | AH15: 0.020657935 | AI15: 0.022566014 | AJ15: 0.023233398 | AK15: 0.022865723 | AL15: 0.022869106 | AM15: 0.024121927 | AN15: 0.02384041 | AO15: 0.022404487 | AP15: 0.022408534 | AQ15: 0.022307812 | AR15: 0.021910161 | AS15: 0.02113239
B16: HP UV | C16: Ads Direct ROI | D16: # | F16: =J16 -> 8.8351369 | G16: =K16 -> 8.5092095 | H16: =IFERROR(F16/G16-1,"-") -> 0.038302907 | J16: 8.8351369 | K16: 8.5092095 | L16: 8.3895638 | M16: 8.3014176 | N16: 8.1345241 | O16: 8.2117142 | P16: 8.6877562 | Q16: 8.6184619 | R16: 8.7588767 | S16: 9.056069 | T16: 8.8305808 | U16: 8.7520349 | V16: 8.0857679 | W16: 7.754332 | X16: 7.1673051 | Y16: 7.4869049 | Z16: 7.2034643 | AA16: 6.9712785 | AB16: 7.0142706 | AC16: 7.4548124 | AD16: 7.2587961 | AE16: 7.449886 | AF16: 7.3686662 | AG16: 7.1819872 | AH16: 7.9607585 | AI16: 7.1239644 | AJ16: 6.8904822 | AK16: 7.0744171 | AL16: 6.8292839 | AM16: 6.4984602 | AN16: 6.4960874 | AO16: 6.7375501 | AP16: 6.618039 | AQ16: 6.6375428 | AR16: 6.4262919 | AS16: 6.3686527
B18: Avg No. of Modules in HP Layout | C18: Ads Net Rev | D18: # | F18: =J18 -> 1637411.5 | G18: =K18 -> 1443095.4 | H18: =IFERROR(F18/G18-1,"-") -> 0.13465231 | J18: 1637411.5 | K18: 1443095.4 | L18: 1270448.4 | M18: 1224586 | N18: 1146767.1 | O18: 1145486.8 | P18: 1163599.7 | Q18: 1039465.5 | R18: 846545.05 | S18: 805124.37 | T18: 743197.53 | U18: 762120.73 | V18: 866780 | W18: 825701.88 | X18: 766402.22 | Y18: 783646.81 | Z18: 738587.78 | AA18: 721183.18 | AB18: 674193.01 | AC18: 606923.53 | AD18: 590461.87
C19: Net Take Rate | D19: % | F19: =J19 -> 0.038721841 | G19: =K19 -> 0.038328503 | H19: =IFERROR(F19/G19-1,"-") -> 0.010262281 | J19: 0.038721841 | K19: 0.038328503 | L19: 0.037753924 | M19: 0.037509733 | N19: 0.036381768 | O19: 0.036023886 | P19: 0.034768173 | Q19: 0.032738711 | R19: 0.030825318 | S19: 0.028862125 | T19: 0.028154711 | U19: 0.027637873 | V19: 0.027556372 | W19: 0.028997536 | X19: 0.030472326 | Y19: 0.030604997 | Z19: 0.030472 | AA19: 0.029741338 | AB19: 0.028987543 | AC19: 0.025567851 | AD19: 0.025121053
B21: Avg No. of Modules in HP Layout | C21: Ads Net Rev (excl 1p/sip) | D21: # | F21: =J21 -> 1591646 | G21: =K21 -> 1407003.2 | H21: =IFERROR(F21/G21-1,"-") -> 0.13123127 | J21: 1591646 | K21: 1407003.2 | L21: 1233180.5 | M21: 1192168.1 | N21: 1117467.4 | O21: 1118880.4 | P21: 1129233.1 | Q21: 1014252.1 | R21: 832907.45 | S21: 789402.7 | T21: 717600.3 | U21: 733519.1 | V21: 839571.53 | W21: 792379.73 | X21: 671479.82 | Y21: 668153.23 | Z21: 600678.91 | AA21: 603126.54 | AB21: 588439.98 | AC21: 546723.97 | AD21: 539834.91
C22: Net Take Rate (excl 1p/sip) | D22: % | F22: =J22 -> 0.037639569 | G22: =K22 -> 0.037369897 | H22: =IFERROR(F22/G22-1,"-") -> 0.0072162838 | J22: 0.037639569 | K22: 0.037369897 | L22: 0.036646432 | M22: 0.036516753 | N22: 0.03545222 | O22: 0.035187153 | P22: 0.033741303 | Q22: 0.031944596 | R22: 0.03032873 | S22: 0.028298534 | T22: 0.027185006 | U22: 0.026600652 | V22: 0.02669137 | W22: 0.027827307 | X22: 0.02669819 | Y22: 0.026094443 | Z22: 0.024782278 | AA22: 0.024872724 | AB22: 0.025300513 | AC22: 0.023031826 | AD22: 0.022967142
B24: Avg No. of Modules in HP Layout | C24: Commission Fee | D24: USD | F24: =J24 -> 4142997.4 | G24: =K24 -> 3569320.7 | H24: =IFERROR(F24/G24-1,"-") -> 0.16072434 | J24: 4142997.4 | K24: 3569320.7 | L24: 3205460.1 | M24: 3083666.4 | N24: 2988647.5 | O24: 3100920.9 | P24: 3217034.9 | Q24: 2527641.7 | R24: 2156205.8 | S24: 2218405.5 | T24: 2127865.3 | U24: 2244944.9 | V24: 2101177.3 | W24: 1845271.9 | X24: 1622453.6 | Y24: 1694335.8 | Z24: 1578317.5 | AA24: 1589768.7 | AB24: 1361748.2 | AC24: 1362248.4 | AD24: 1357851.7 | AE24: 1118638.9 | AF24: 1100512.7 | AG24: 1156865.7 | AH24: 1336831.9 | AI24: 1167884.6 | AJ24: 973213.26 | AK24: 974021.26 | AL24: 968667.19 | AM24: 903742.83 | AN24: 835188.77 | AO24: 816953.92 | AP24: 792732.05 | AQ24: 827625.49 | AR24: 818489.38 | AS24: 829864.06 | AT24: 481229.53 | AU24: 466651.05 | AV24: 377077.11 | AW24: 405479.75 | AX24: 403885.25 | AY24: 394687.9 | AZ24: 397036.84 | BA24: 384561.26 | BB24: 282519.99 | BC24: 251614.85 | BD24: 233830.8 | BE24: 217528.47
B25: Avg No. of Modules in HP Layout | C25: Commission Rate | D25: % | F25: =J25 -> 0.097974447 | G25: =K25 -> 0.094800885 | H25: =IFERROR(F25/G25-1,"-") -> 0.033476081 | J25: 0.097974447 | K25: 0.094800885 | L25: 0.095256678 | M25: 0.094454371 | N25: 0.094816359 | O25: 0.097519429 | P25: 0.096124483 | Q25: 0.079609886 | R25: 0.078514106 | S25: 0.079525475 | T25: 0.080610377 | U25: 0.081411646 | V25: 0.066799907 | W25: 0.06480346 | X25: 0.064509122 | Y25: 0.066171571 | Z25: 0.065116822 | AA25: 0.065561496 | AB25: 0.058549605 | AC25: 0.057387402 | AD25: 0.057769464 | AE25: 0.047380074 | AF25: 0.046077838 | AG25: 0.046675211 | AH25: 0.044782601 | AI25: 0.045100509 | AJ25: 0.044303926 | AK25: 0.045019256 | AL25: 0.044287802 | AM25: 0.044371926 | AN25: 0.043669634 | AO25: 0.042992894 | AP25: 0.042183774 | AQ25: 0.042251704 | AR25: 0.04187849 | AS25: 0.041341275 | AT25: 0.021270662 | AU25: 0.021527514 | AV25: 0.020692194 | AW25: 0.020270105 | AX25: 0.019108601 | AY25: 0.019232281
B26: Avg No. of Modules in HP Layout | C26: Total Rebate | D26: USD | F26: =J26 -> 11105733 | G26: =K26 -> 9911263.4 | H26: =IFERROR(F26/G26-1,"-") -> 0.1205164 | J26: 11105733 | K26: 9911263.4 | L26: 8676153.2 | M26: 7895799.2 | N26: 7534847.2 | O26: 8157113.4 | P26: 8920102.2 | Q26: 6770421.6 | R26: 5036590.8 | S26: 5409152.2 | T26: 4547910.3 | U26: 4825090.5 | V26: 4956481.8 | W26: 4517737.1 | X26: 3553099.9 | Y26: 4230611.1 | Z26: 3773081.9 | AA26: 3654667.8 | AB26: 3492709.4 | AC26: 3418882.2 | AD26: 3370939.6 | AE26: 3942865.5 | AF26: 3487647.2 | AG26: 3399345.1 | AH26: 4818621 | AI26: 4284346.4 | AJ26: 3394723.3 | AK26: 3383372.6 | AL26: 3202395.6 | AM26: 2913303.4 | AN26: 2111065.5 | AO26: 1782419.6 | AP26: 1439563.8 | AQ26: 1533791.5 | AR26: 1191393.2 | AS26: 1170772.9 | AT26: 1223270.1 | AU26: 1247399.6 | AV26: 1068119.9 | AW26: 1219891.1 | AX26: 1407473.7 | AY26: 1507080.8 | AZ26: 1508968.3 | BA26: 1352737 | BB26: 1290379.3 | BC26: 1533950.5 | BD26: 1228384 | BE26: 1026038.6
H27: rebate %
C28: Order% by Channel (incl. ads & non-item cards) | D28: UNIT
C29: Total | F29: =J29 -> 1 | G29: =K29 -> 1 | H29: =IFERROR(F29/G29-1,"-") -> 0 | J29: 1 | K29: 1 | L29: 1 | M29: 1 | N29: 1 | O29: 1 | P29: 1 | Q29: 1 | R29: 1 | S29: 1 | T29: 1 | U29: 1 | V29: 1 | W29: 1 | X29: 1 | Y29: 1 | Z29: 1 | AA29: 1 | AB29: 1 | AC29: 1 | AD29: 1 | AE29: 1 | AF29: 1 | AG29: 1 | AH29: 1 | AI29: 1 | AJ29: 1 | AK29: 1 | AL29: 1 | AM29: 1 | AN29: 1 | AO29: 1 | AP29: 1 | AQ29: 1 | AR29: 1 | AS29: 1
B30: Platform DAU | C30: Global Search | D30: % | F30: =J30 -> 0.40549972 | G30: =K30 -> 0.39943157 | H30: =IFERROR(F30/G30-1,"-") -> 0.015191949 | J30: 0.40549972 | K30: 0.39943157 | L30: 0.41010426 | M30: 0.40986105 | N30: 0.41731473 | O30: 0.40960569 | P30: 0.41394592 | Q30: 0.4183728 | R30: 0.4221378 | S30: 0.42428471 | T30: 0.42305298 | U30: 0.42671111 | V30: 0.4148033 | W30: 0.39946465 | X30: 0.40251733 | Y30: 0.39900505 | Z30: 0.40442194 | AA30: 0.41281479 | AB30: 0.4114648 | AC30: 0.39864841 | AD30: 0.39703899 | AE30: 0.38305003 | AF30: 0.37255592 | AG30: 0.38735819 | AH30: 0.37253766 | AI30: 0.3643272 | AJ30: 0.37325336 | AK30: 0.37727948 | AL30: 0.39109951 | AM30: 0.39352609 | AN30: 0.39309085 | AO30: 0.38548472 | AP30: 0.37474537 | AQ30: 0.37173431 | AR30: 0.36715138 | AS30: 0.35614012
B31: Platform DAU | C31: Daily Discover | D31: % | F31: =J31 -> 0.107612 | G31: =K31 -> 0.11125339 | H31: =IFERROR(F31/G31-1,"-") -> -0.032730631 | J31: 0.107612 | K31: 0.11125339 | L31: 0.10746948 | M31: 0.10744742 | N31: 0.10924252 | O31: 0.10636557 | P31: 0.1011792 | Q31: 0.10223502 | R31: 0.090818052 | S31: 0.086520569 | T31: 0.080622206 | U31: 0.091659997 | V31: 0.088185386 | W31: 0.083076978 | X31: 0.085617397 | Y31: 0.084244726 | Z31: 0.077926099 | AA31: 0.079475098 | AB31: 0.077348959 | AC31: 0.074225601 | AD31: 0.0683029 | AE31: 0.062409401 | AF31: 0.053915953 | AG31: 0.054811437 | AH31: 0.056952415 | AI31: 0.060193935 | AJ31: 0.055443473 | AK31: 0.049856166 | AL31: 0.050372708 | AM31: 0.052418728 | AN31: 0.050487416 | AO31: 0.053086915 | AP31: 0.052746514 | AQ31: 0.05334784 | AR31: 0.045679665 | AS31: 0.044765783
B32: Platform DAU | C32: You May Also Like | D32: % | F32: =J32 -> 0.10068454 | G32: =K32 -> 0.088448929 | H32: =IFERROR(F32/G32-1,"-") -> 0.1383353 | J32: 0.10068454 | K32: 0.088448929 | L32: 0.096291747 | M32: 0.093490554 | N32: 0.085799485 | O32: 0.095946574 | P32: 0.097687695 | Q32: 0.10779089 | R32: 0.11417683 | S32: 0.11735026 | T32: 0.11985894 | U32: 0.12218298 | V32: 0.13080602 | W32: 0.13603905 | X32: 0.14108876 | Y32: 0.14126604 | Z32: 0.14032988 | AA32: 0.13210833 | AB32: 0.13061649 | AC32: 0.1374613 | AD32: 0.151001 | AE32: 0.15363984 | AF32: 0.16576486 | AG32: 0.16979281 | AH32: 0.18448983 | AI32: 0.18631411 | AJ32: 0.18655988 | AK32: 0.1776793 | AL32: 0.18041036 | AM32: 0.18281356 | AN32: 0.1829373 | AO32: 0.1850417 | AP32: 0.18460778 | AQ32: 0.18492963 | AR32: 0.17921251 | AS32: 0.18136882
B33: Platform DAU | C33: Post Purchase | D33: % | F33: =J33 -> 0.054370208 | G33: =K33 -> 0.057707282 | H33: =IFERROR(F33/G33-1,"-") -> -0.057827613 | J33: 0.054370208 | K33: 0.057707282 | L33: 0.05427794 | M33: 0.056249417 | N33: 0.050895526 | O33: 0.051410601 | P33: 0.055700035 | Q33: 0.056824567 | R33: 0.053638651 | S33: 0.055792231 | T33: 0.053527388 | U33: 0.05383928 | V33: 0.048876833 | W33: 0.05145719 | X33: 0.046615337 | Y33: 0.047252832 | Z33: 0.045317853 | AA33: 0.045107618 | AB33: 0.045908317 | AC33: 0.048625839 | AD33: 0.048074885 | AE33: 0.04834484 | AF33: 0.047846325 | AG33: 0.047362448 | AH33: 0.045253738 | AI33: 0.045930684 | AJ33: 0.046921989 | AK33: 0.04547352 | AL33: 0.046845718 | AM33: 0.049474286 | AN33: 0.048704725 | AO33: 0.051382794 | AP33: 0.048057222 | AQ33: 0.044384768 | AR33: 0.046182394 | AS33: 0.04735487
B34: Platform DAU | C34: Private Domain | D34: % | F34: =J34 -> 0.092511511 | G34: =K34 -> 0.096419865 | H34: =IFERROR(F34/G34-1,"-") -> -0.040534739 | J34: 0.092511511 | K34: 0.096419865 | L34: 0.096940666 | M34: 0.10044166 | N34: 0.10394996 | O34: 0.10473148 | P34: 0.10671141 | Q34: 0.10253958 | R34: 0.10408789 | S34: 0.10028253 | T34: 0.10759716 | U34: 0.10199779 | V34: 0.10708168 | W34: 0.11134326 | X34: 0.10963069 | Y34: 0.10823067 | Z34: 0.10908836 | AA34: 0.11141575 | AB34: 0.11426981 | AC34: 0.1126473 | AD34: 0.11172678 | AE34: 0.11276561 | AF34: 0.12016502 | AG34: 0.12412651 | AH34: 0.1223343 | AI34: 0.12371481 | AJ34: 0.127745 | AK34: 0.1245207 | AL34: 0.12873334 | AM34: 0.13293755 | AN34: 0.1376487 | AO34: 0.13581873 | AP34: 0.13816171 | AQ34: 0.13663401 | AR34: 0.14484348 | AS34: 0.14870721
B35: Platform DAU | C35: Live Streaming | D35: % | F35: =J35 -> 0.022488092 | G35: =K35 -> 0.025161738 | H35: =IFERROR(F35/G35-1,"-") -> -0.1062584 | J35: 0.022488092 | K35: 0.025161738 | L35: 0.025974442 | M35: 0.027186058 | N35: 0.025366076 | O35: 0.026758907 | P35: 0.027817721 | Q35: 0.027324566 | R35: 0.027547626 | S35: 0.029521487 | T35: 0.029951721 | U35: 0.028329806 | V35: 0.03199327 | W35: 0.034288559 | X35: 0.033246558 | Y35: 0.036225218 | Z35: 0.03971635 | AA35: 0.04346362 | AB35: 0.044770097 | AC35: 0.046833615 | AD35: 0.048961026 | AE35: 0.064640209 | AF35: 0.06787943 | AG35: 0.052687922 | AH35: 0.054478665 | AI35: 0.052516942 | AJ35: 0.045281911 | AK35: 0.052226843 | AL35: 0.032007576 | AM35: 0.015779345 | AN35: 0.0044442548 | AO35: 0.0042047664 | AP35: 0.0042397825 | AQ35: 0.0044457715 | AR35: 0.0046737109 | AS35: 0.0042737213
B36: Platform DAU | C36: Video | D36: % | F36: =J36 -> 0.16438774 | G36: =K36 -> 0.16544255 | H36: =IFERROR(F36/G36-1,"-") -> -0.0063756972 | J36: 0.16438774 | K36: 0.16544255 | L36: 0.15936445 | M36: 0.13865077 | N36: 0.11658512 | O36: 0.10211836 | P36: 0.099965141 | Q36: 0.086320665 | R36: 0.078938149 | S36: 0.072495066 | T36: 0.059821817 | U36: 0.062076818 | V36: 0.063822134 | W36: 0.054069963 | X36: 0.051781909 | Y36: 0.049782264 | Z36: 0.046343164 | AA36: 0.040153246 | AB36: 0.036372061 | AC36: 0.025714251 | AD36: 0.014963583 | AE36: 0.0095785625 | AF36: 0.003541182 | AG36: 0.00012742491 | AH36: 6.1494323e-05 | AI36: 1.0099556e-05 | AJ36: 0 | AK36: 0 | AL36: 0 | AM36: 0 | AN36: 0 | AO36: 0 | AP36: 0 | AQ36: 0 | AR36: 0 | AS36: 0
B37: Platform DAU | C37: Others | D37: % | F37: =J37 -> 0.052446198 | G37: =K37 -> 0.056134672 | H37: =IFERROR(F37/G37-1,"-") -> -0.065707581 | J37: 0.052446198 | K37: 0.056134672 | L37: 0.049577025 | M37: 0.066673068 | N37: 0.090846573 | O37: 0.10306281 | P37: 0.096992877 | Q37: 0.098591915 | R37: 0.108655 | S37: 0.11375315 | T37: 0.12556779 | U37: 0.11320222 | V37: 0.11443138 | W37: 0.13026035 | X37: 0.12950201 | Y37: 0.1339932 | Z37: 0.13685635 | AA37: 0.13546155 | AB37: 0.13924946 | AC37: 0.15584368 | AD37: 0.15993084 | AE37: 0.16557151 | AF37: 0.1683313 | AG37: 0.16373326 | AH37: 0.1638919 | AI37: 0.16699221 | AJ37: 0.16479438 | AK37: 0.17296399 | AL37: 0.17053079 | AM37: 0.17305044 | AN37: 0.18268675 | AO37: 0.18498038 | AP37: 0.19744162 | AQ37: 0.20452368 | AR37: 0.21225685 | AS37: 0.21738948
C39: Rev% by Channel (incl. ads & non-item cards) | D39: UNIT
C40: Total | D40: % | F40: =J40 -> 1 | G40: =K40 -> 1 | H40: =IFERROR(F40/G40-1,"-") -> 0 | J40: 1 | K40: 1 | L40: 1 | M40: 1 | N40: 1 | O40: 1 | P40: 1 | Q40: 1 | R40: 1 | S40: 1 | T40: 1 | U40: 1 | V40: 1 | W40: 1 | X40: 1 | Y40: 1 | Z40: 1 | AA40: 1 | AB40: 1 | AC40: 1 | AD40: 1 | AE40: 1 | AF40: 1 | AG40: 1 | AH40: 1 | AI40: 1 | AJ40: 1 | AK40: 1 | AL40: 1 | AM40: 1 | AN40: 1 | AO40: 1 | AP40: 1 | AQ40: 1 | AR40: 1 | AS40: 1
B41: Platform DAU | C41: Search | D41: % | F41: =J41 -> 0.59536478 | G41: =K41 -> 0.56689894 | H41: =IFERROR(F41/G41-1,"-") -> 0.050213251 | J41: 0.59536478 | K41: 0.56689894 | L41: 0.58495696 | M41: 0.57396153 | N41: 0.5810314 | O41: 0.59534349 | P41: 0.61820008 | Q41: 0.61689303 | R41: 0.6241602 | S41: 0.62400353 | T41: 0.6266544 | U41: 0.58361284 | V41: 0.56051878 | W41: 0.55869351 | X41: 0.5852262 | Y41: 0.60295141 | Z41: 0.60827165 | AA41: 0.60156205 | AB41: 0.60855436 | AC41: 0.61792383 | AD41: 0.61082164 | AE41: 0.64659216 | AF41: 0.64729779 | AG41: 0.64403025 | AH41: 0.63894452 | AI41: 0.62321076 | AJ41: 0.64354605 | AK41: 0.63944512 | AL41: 0.64146353 | AM41: 0.65648518 | AN41: 0.67161967 | AO41: 0.68621698 | AP41: 0.68497258 | AQ41: 0.68059723 | AR41: 0.66554423 | AS41: 0.66784378
B42: Platform DAU | C42: Daily Discover | D42: % | F42: =J42 -> 0.13222704 | G42: =K42 -> 0.14652906 | H42: =IFERROR(F42/G42-1,"-") -> -0.09760531 | J42: 0.13222704 | K42: 0.14652906 | L42: 0.13756737 | M42: 0.13826914 | N42: 0.13384303 | O42: 0.12398565 | P42: 0.11978148 | Q42: 0.11653823 | R42: 0.11014955 | S42: 0.10744348 | T42: 0.10622492 | U42: 0.12792863 | V42: 0.13911533 | W42: 0.1202416 | X42: 0.11268539 | Y42: 0.11844444 | Z42: 0.12119804 | AA42: 0.13579427 | AB42: 0.12889732 | AC42: 0.11720705 | AD42: 0.10757071 | AE42: 0.089174296 | AF42: 0.088648095 | AG42: 0.088158055 | AH42: 0.09346094 | AI42: 0.095688559 | AJ42: 0.090712579 | AK42: 0.086585369 | AL42: 0.088995974 | AM42: 0.083673177 | AN42: 0.086738329 | AO42: 0.085988673 | AP42: 0.089368554 | AQ42: 0.091003564 | AR42: 0.095799418 | AS42: 0.092803361
B43: Platform DAU | C43: RCMD | D43: % | F43: =J43 -> 0.18118531 | G43: =K43 -> 0.18610933 | H43: =IFERROR(F43/G43-1,"-") -> -0.026457645 | J43: 0.18118531 | K43: 0.18610933 | L43: 0.17835997 | M43: 0.19183561 | N43: 0.20085054 | O43: 0.19975458 | P43: 0.18551256 | Q43: 0.19636996 | R43: 0.18852129 | S43: 0.18459181 | T43: 0.1789589 | U43: 0.20277209 | V43: 0.21514246 | W43: 0.2344428 | X43: 0.2173104 | Y43: 0.19929835 | Z43: 0.19610956 | AA43: 0.1880613 | AB43: 0.18920619 | AC43: 0.19179371 | AD43: 0.21138081 | AE43: 0.19498559 | AF43: 0.19569245 | AG43: 0.20050259 | AH43: 0.2018132 | AI43: 0.21284496 | AJ43: 0.19943706 | AK43: 0.20464081 | AL43: 0.20132795 | AM43: 0.19832448 | AN43: 0.18702388 | AO43: 0.17900193 | AP43: 0.18074155 | AQ43: 0.18504873 | AR43: 0.19741705 | AS43: 0.20183308
B44: Platform DAU | C44: Game | D44: % | F44: =J44 -> 0.0069786369 | G44: =K44 -> 0.0089381578 | H44: =IFERROR(F44/G44-1,"-") -> -0.21923096 | J44: 0.0069786369 | K44: 0.0089381578 | L44: 0.0098787768 | M44: 0.0094262408 | N44: 0.0050526266 | O44: 0.0059407374 | P44: 0.0067444167 | Q44: 0.006473184 | R44: 0.0081584318 | S44: 0.0093115376 | T44: 0.010391402 | U44: 0.01030054 | V44: 0.0093263455 | W44: 0.012047109 | X44: 0.014631866 | Y44: 0.014570349 | Z44: 0.01504217 | AA44: 0.016130847 | AB44: 0.017936457 | AC44: 0.016272358 | AD44: 0.01596772 | AE44: 0.016042073 | AF44: 0.016621825 | AG44: 0.016118727 | AH44: 0.015060794 | AI44: 0.016574724 | AJ44: 0.016202151 | AK44: 0.016730898 | AL44: 0.015661507 | AM44: 0.013727878 | AN44: 0.010671159 | AO44: 0.0085615465 | AP44: 0.0083122556 | AQ44: 0.0078152855 | AR44: 0.0063047389 | AS44: 0.0051105489
B45: Platform DAU | C45: Brand | D45: % | F45: =J45 -> 0.032948365 | G45: =K45 -> 0.039042388 | H45: =IFERROR(F45/G45-1,"-") -> -0.15608736 | J45: 0.032948365 | K45: 0.039042388 | L45: 0.040754364 | M45: 0.042772636 | N45: 0.043409197 | O45: 0.041722662 | P45: 0.042319792 | Q45: 0.046381418 | R45: 0.053612565 | S45: 0.05870131 | T45: 0.061017299 | U45: 0.059010115 | V45: 0.06015648 | W45: 0.056842276 | X45: 0.054893082 | Y45: 0.054005665 | Z45: 0.050366429 | AA45: 0.050821025 | AB45: 0.049311709 | AC45: 0.051670477 | AD45: 0.051734521 | AE45: 0.05085753 | AF45: 0.051739835 | AG45: 0.051190336 | AH45: 0.050716393 | AI45: 0.05064829 | AJ45: 0.050100912 | AK45: 0.052596572 | AL45: 0.052551032 | AM45: 0.047789288 | AN45: 0.04394696 | AO45: 0.040230869 | AP45: 0.036605056 | AQ45: 0.03553519 | AR45: 0.034934567 | AS45: 0.032409222
B46: Platform DAU | C46: Live Streaming | D46: % | F46: =J46 -> 0.0080846618 | G46: =K46 -> 0.0091477486 | H46: =IFERROR(F46/G46-1,"-") -> -0.11621295 | J46: 0.0080846618 | K46: 0.0091477486 | L46: 0.0090009777 | M46: 0.0095187787 | N46: 0.0098961494 | O46: 0.0083825718 | P46: 0.0075755278 | Q46: 0.0070578258 | R46: 0.00781722 | S46: 0.0083957779 | T46: 0.009497084 | U46: 0.0082758859 | V46: 0.0074031312 | W46: 0.0083077322 | X46: 0.0078582878 | Y46: 0.008470175 | Z46: 0.0079505983 | AA46: 0.0069451222 | AB46: 0.0060931934 | AC46: 0.0051325737 | AD46: 0.002524598 | AE46: 0.0026962631 | AF46: 0 | AG46: 0 | AH46: 0 | AI46: 0 | AJ46: 0 | AK46: 0 | AL46: 0 | AM46: 0 | AN46: 0 | AO46: 0 | AP46: 0 | AQ46: 0 | AR46: 0 | AS46: 0
B47: Platform DAU | C47: Video | D47: % | F47: =J47 -> 0.022550516 | G47: =K47 -> 0.022462347 | H47: =IFERROR(F47/G47-1,"-") -> 0.0039251798 | J47: 0.022550516 | K47: 0.022462347 | L47: 0.022520266 | M47: 0.020889689 | N47: 0.019766698 | O47: 0.018699178 | P47: 0.015626213 | Q47: 0.0089708955 | R47: 0.0066261647 | S47: 0.005994773 | T47: 0.0052262627 | U47: 0.0058564261 | V47: 0.0058369367 | W47: 0.0057619518 | X47: 0.0046613204 | Y47: 0.0020798977 | Z47: 0.0010614451 | AA47: 0.00068519362 | AB47: 7.7924102e-07 | AC47: 0 | AD47: 0 | AE47: 0 | AF47: 0 | AG47: 0 | AH47: 0 | AI47: 0 | AJ47: 0 | AK47: 0 | AL47: 0 | AM47: 0 | AN47: 0 | AO47: 0 | AP47: 0 | AQ47: 0 | AR47: 0 | AS47: 0
B48: Platform DAU | C48: Undefined | D48: % | F48: =J48 -> 0.020660689 | G48: =K48 -> 0.020872037 | H48: =IFERROR(F48/G48-1,"-") -> -0.010125896 | J48: 0.020660689 | K48: 0.020872037 | L48: 0.016961324 | M48: 0.013326372 | N48: 0.0061503583 | O48: 0.006171137 | P48: 0.0042399263 | Q48: 0.0013154586 | R48: 0.00095458597 | S48: 0.0015577794 | T48: 0.0020297289 | U48: 0.0022434793 | V48: 0.0025005369 | W48: 0.0036630194 | X48: 0.0027334606 | Y48: 0.00017971995 | Z48: 1.0622258e-07 | AA48: 1.8854961e-07 | AB48: -1.3530349e-16 | AC48: 1.9333564e-16 | AD48: -1.6834954e-17 | AE48: -0.00034790492 | AF48: 8.4848127e-10 | AG48: 4.4630904e-08 | AH48: 4.1524595e-06 | AI48: 0.0010327084 | AJ48: 1.2537433e-06 | AK48: 1.2286429e-06 | AL48: -4.3638696e-17 | AM48: -3.1840511e-16 | AN48: -6.3830954e-17 | AO48: 1.7090481e-16 | AP48: -6.4792836e-17 | AQ48: -4.162781e-18 | AR48: -2.5486712e-17 | AS48: -4.2880364e-16
C50: Rev% by Seller Type | D50: UNIT
C51: Total | D51: % | F51: =J51 -> 1 | G51: =K51 -> 1 | H51: =IFERROR(F51/G51-1,"-") -> 0 | J51: 1 | K51: 1 | L51: 1 | M51: 1 | N51: 1 | O51: 1 | P51: 1 | Q51: 1 | R51: 1 | S51: 1 | T51: 1 | U51: 1 | V51: 1 | W51: 1 | X51: 1 | Y51: 1 | Z51: 1 | AA51: 1 | AB51: 1 | AC51: 1 | AD51: 1
C52: CB Rev% | D52: % | F52: =J52 -> 0.2674464 | G52: =K52 -> 0.26227178 | H52: =IFERROR(F52/G52-1,"-") -> 0.019730012 | J52: 0.2674464 | K52: 0.26227178 | L52: 0.27247548 | M52: 0.26614993 | N52: 0.27089288 | O52: 0.26947204 | P52: 0.271433 | Q52: 0.26909624 | R52: 0.25662198 | S52: 0.24871569 | T52: 0.24150529 | U52: 0.24634893 | V52: 0.25087241 | W52: 0.24844458 | X52: 0.26052184 | Y52: 0 | Z52: 0 | AA52: 0 | AB52: 0 | AC52: 0 | AD52: 0
C53: Lovito(1p)% | D53: % | F53: =J53 -> 0.004597427 | G53: =K53 -> 0.0034651574 | H53: =IFERROR(F53/G53-1,"-") -> 0.32675849 | J53: 0.004597427 | K53: 0.0034651574 | L53: 0.0037122708 | M53: 0.0037227193 | N53: 0.0039996575 | O53: 0.0048880835 | P53: 0.0060065542 | Q53: 0.0058077665 | R53: 0.0058491724 | S53: 0.0069286954 | T53: 0.0078550943 | U53: 0.0068168467 | V53: 0.0056553449 | W53: 0.0056742676 | X53: 0.015418346 | Y53: 0 | Z53: 0 | AA53: 0 | AB53: 0 | AC53: 0 | AD53: 0
C54: SCS(1p)% | D54: % | F54: =J54 -> 0.014056404 | G54: =K54 -> 0.012413118 | H54: =IFERROR(F54/G54-1,"-") -> 0.13238304 | J54: 0.014056404 | K54: 0.012413118 | L54: 0.011559004 | M54: 0.010725741 | N54: 0.012028282 | O54: 0.01475908 | P54: 0.014454885 | Q54: 0.01541817 | R54: 0.015089948 | S54: 0.014740416 | T54: 0.016453004 | U54: 0.017293419 | V54: 0.021653361 | W54: 0.020893469 | X54: 0.040021968 | Y54: 0 | Z54: 0 | AA54: 0 | AB54: 0 | AC54: 0 | AD54: 0
C55: Others(3p)% | D55: % | F55: =J55 -> 0.22150725 | G55: =K55 -> 0.21932189 | H55: =IFERROR(F55/G55-1,"-") -> 0.0099641393 | J55: 0.22150725 | K55: 0.21932189 | L55: 0.22870291 | M55: 0.22394644 | N55: 0.22694747 | O55: 0.22380225 | P55: 0.22033701 | Q55: 0.22235228 | R55: 0.21797443 | S55: 0.20785403 | T55: 0.20008837 | U55: 0.20617178 | V55: 0.20716722 | W55: 0.20233847 | X55: 0.17784433 | Y55: 0 | Z55: 0 | AA55: 0 | AB55: 0 | AC55: 0 | AD55: 0
C56: unknow% | D56: % | F56: =J56 -> 0.027285324 | G56: =K56 -> 0.027071608 | H56: =IFERROR(F56/G56-1,"-") -> 0.007894456 | J56: 0.027285324 | K56: 0.027071608 | L56: 0.028501302 | M56: 0.027755023 | N56: 0.027917474 | O56: 0.026022621 | P56: 0.030634552 | Q56: 0.025518026 | R56: 0.017708422 | S56: 0.019192542 | T56: 0.017108824 | U56: 0.016066883 | V56: 0.016396482 | W56: 0.01953837 | X56: 0.027237197 | Y56: 0 | Z56: 0 | AA56: 0 | AB56: 0 | AC56: 0 | AD56: 0
C57: Local Rev% | D57: % | F57: =J57 -> 0.7325536 | G57: =K57 -> 0.73772822 | H57: =IFERROR(F57/G57-1,"-") -> -0.0070142705 | J57: 0.7325536 | K57: 0.73772822 | L57: 0.72752452 | M57: 0.73385007 | N57: 0.72910712 | O57: 0.73052796 | P57: 0.728567 | Q57: 0.73090376 | R57: 0.74337802 | S57: 0.75128431 | T57: 0.75849471 | U57: 0.75365107 | V57: 0.74912759 | W57: 0.75155542 | X57: 0.73947816 | Y57: 1 | Z57: 1 | AA57: 1 | AB57: 1 | AC57: 1 | AD57: 1
C59: PH
C60: Total | F60: =F3 -> 45992 | G60: =G3 -> 45962 | H60: MOM | K60: 45474 | L60: 45444 | M60: MOM
C61: CB Rev | F61: =F$14*F52 -> 457703.52 | G61: =G$14*G52 -> 401466.84 | H61: =F61/G61-1 -> 0.14007802 | K61: =K$14*K52 -> 401466.84 | L61: =L$14*L52 -> 366484.89 | M61: =K61/L61-1 -> 0.095452649
C62: Lovito(1p) | F62: =F$14*F53 -> 7867.9635 | G62: =G$14*G53 -> 5304.2146 | H62: =F62/G62-1 -> 0.48334184 | K62: =K$14*K53 -> 5304.2146 | L62: =L$14*L53 -> 4993.0773 | M62: =K62/L62-1 -> 0.06231374
C63: SCS(1p) | F63: =F$14*F54 -> 24055.907 | G63: =G$14*G54 -> 19001.111 | H63: =F63/G63-1 -> 0.26602629 | K63: =K$14*K54 -> 19001.111 | L63: =L$14*L54 -> 15547.088 | M63: =K63/L63-1 -> 0.22216528
C64: Others(3p) | F64: =F$14*F55 -> 379083.98 | G64: =G$14*G55 -> 335722.24 | H64: =F64/G64-1 -> 0.12915958 | K64: =K$14*K55 -> 335722.24 | L64: =L$14*L55 -> 307609.91 | M64: =K64/L64-1 -> 0.091389536
C65: unknow | F65: =F$14*F56 -> 46695.67 | G65: =G$14*G56 -> 41439.278 | H65: =F65/G65-1 -> 0.12684564 | K65: =K$14*K56 -> 41439.278 | L65: =L$14*L56 -> 38334.812 | M65: =K65/L65-1 -> 0.080982946
C66: Local Rev | F66: =F$14*F57 -> 1253680.6 | G66: =G$14*G57 -> 1129261.5 | H66: =F66/G66-1 -> 0.11017739 | K66: =K$14*K57 -> 1129261.5 | L66: =L$14*L57 -> 978534.79 | M66: =K66/L66-1 -> 0.15403307

Sheet MY
C1: Region:MY
H2: Updated Date | J2: =ID!J2 -> 46000
C3: S&R&A Monthly Metrics | F3: =J3 -> 45992 | G3: =K3 -> 45962 | H3: MoM % | J3: 45992 | K3: 45962 | L3: 45931 | M3: 45901 | N3: 45870 | O3: 45839 | P3: 45809 | Q3: 45778 | R3: 45748 | S3: 45717 | T3: 45689 | U3: 45658 | V3: 45627 | W3: 45597 | X3: 45566 | Y3: 45536 | Z3: 45505 | AA3: 45474 | AB3: 45444 | AC3: 45413 | AD3: 45383 | AE3: 45352 | AF3: 45323 | AG3: 45292 | AH3: 45261 | AI3: 45231 | AJ3: 45200 | AK3: 45170 | AL3: 45139 | AM3: 45108 | AN3: 45078 | AO3: 45047 | AP3: 45017 | AQ3: 44986 | AR3: 44958 | AS3: 44927 | AT3: 44896 | AU3: 44866 | AV3: 44835 | AW3: 44805 | AX3: 44774 | AY3: 44743 | AZ3: 44713 | BA3: 44682 | BB3: 44652 | BC3: 44621 | BD3: 44593 | BE3: 44562
D5: UNIT
B6: Platform DAU | C6: Platform DAU | D6: # | F6: =J6 -> 8857868.9 | G6: =K6 -> 8895518.3 | H6: =IFERROR(F6/G6-1,"-") -> -0.0042324022 | J6: 8857868.9 | K6: 8895518.3 | L6: 8927513.6 | M6: 8815956.7 | N6: 8816008.9 | O6: 8573031.7 | P6: 8377695.8 | Q6: 8517987.3 | R6: 8382741.5 | S6: 8692965.4 | T6: 8385535.7 | U6: 8460238.2 | V6: 8565464.5 | W6: 8560081.9 | X6: 8476572.9 | Y6: 8447670.3 | Z6: 8412917.4 | AA6: 8322349.2 | AB6: 8281686.1 | AC6: 8248862.5 | AD6: 7954009.2 | AE6: 8483241.6 | AF6: 8270774.1 | AG6: 8357206.3 | AH6: 8250789.5 | AI6: 7873735.8 | AJ6: 7437594.6 | AK6: 7018053 | AL6: 6791681.1 | AM6: 6775419.2 | AN6: 6511534.8 | AO6: 6781840 | AP6: 6749080.3 | AQ6: 6980254.8 | AR6: 6943517.9 | AS6: 6972122.4 | AT6: 6960661.4 | AU6: 7030281.9 | AV6: 6959322.3 | AW6: 6787306 | AX6: 6682318.7 | AY6: 6674934.4 | AZ6: 6788118.5 | BA6: 6716491.2 | BB6: 7172799 | BC6: 6713251.3 | BD6: 6646764.7 | BE6: 6612294.5
B8: Avg No. of Modules in HP Layout | C8: Buyer | D8: # | F8: =J8 -> 1205921.1 | G8: =K8 -> 1186410.6 | H8: =IFERROR(F8/G8-1,"-") -> 0.016444962 | J8: 1205921.1 | K8: 1186410.6 | L8: 1168003.5 | M8: 1108683.4 | N8: 1108973.9 | O8: 1072677.5 | P8: 1051956.7 | Q8: 1026199 | R8: 1045886.3 | S8: 1108753.3 | T8: 1060808.8 | U8: 1049493 | V8: 1077927.9 | W8: 1074323.2 | X8: 1060504.9 | Y8: 1019587.5 | Z8: 989568.87 | AA8: 970770.9 | AB8: 1009141.4 | AC8: 1040892.1 | AD8: 905690.13 | AE8: 1107270.1 | AF8: 984597.9 | AG8: 1031072.1 | AH8: 993362.19 | AI8: 983074.2 | AJ8: 939443.39 | AK8: 811756.17 | AL8: 808589.16 | AM8: 800997.42 | AN8: 697609.67 | AO8: 690410.42 | AP8: 683680.87 | AQ8: 710645.84 | AR8: 689924.54 | AS8: 727688.71 | AT8: 703794.1 | AU8: 727926.1 | AV8: 724801.16 | AW8: 741095.67 | AX8: 751087 | AY8: 750753.81
B9: Avg No. of Modules in HP Layout | C9: Buyer% | D9: % | F9: =J9 -> 0.13614122 | G9: =K9 -> 0.13337173 | H9: =IFERROR(F9/G9-1,"-") -> 0.020765251 | J9: 0.13614122 | K9: 0.13337173 | L9: 0.13083189 | M9: 0.12575872 | N9: 0.12579093 | O9: 0.1251223 | P9: 0.12556635 | Q9: 0.12047436 | R9: 0.12476662 | S9: 0.12754604 | T9: 0.12650459 | U9: 0.12405006 | V9: 0.12584582 | W9: 0.12550384 | X9: 0.12511011 | Y9: 0.12069452 | Z9: 0.11762494 | AA9: 0.11664626 | AB9: 0.12185217 | AC9: 0.12618614 | AD9: 0.11386586 | AE9: 0.13052441 | AF9: 0.11904543 | AG9: 0.12337522 | AH9: 0.12039602 | AI9: 0.12485486 | AJ9: 0.12631011 | AK9: 0.11566686 | AL9: 0.11905582 | AM9: 0.11822109 | AN9: 0.10713444 | AO9: 0.10180282 | AP9: 0.10129986 | AQ9: 0.10180801 | AR9: 0.099362391 | AS9: 0.10437119 | AT9: 0.10111023 | AU9: 0.10354152 | AV9: 0.10414824 | AW9: 0.10918849 | AX9: 0.11239916 | AY9: 0.11247359
B10: Avg No. of Modules in HP Layout | C10: Order | D10: # | F10: =J10 -> 2017939 | G10: =K10 -> 2034803.5 | H10: =IFERROR(F10/G10-1,"-") -> -0.0082880076 | J10: 2017939 | K10: 2034803.5 | L10: 1971940.7 | M10: 1867573.9 | N10: 1824202.9 | O10: 1749524.4 | P10: 1731165.3 | Q10: 1650263.7 | R10: 1690665.1 | S10: 1826520.7 | T10: 1723603.1 | U10: 1735052.5 | V10: 1809254.7 | W10: 1814075.5 | X10: 1769649.7 | Y10: 1668215.6 | Z10: 1587109 | AA10: 1572067.7 | AB10: 1666517.9 | AC10: 1744147.3 | AD10: 1505933.2 | AE10: 1870352.3 | AF10: 1649697.2 | AG10: 1736388.6 | AH10: 1720942 | AI10: 1705694 | AJ10: 1582812 | AK10: 1351947.1 | AL10: 1380639.8 | AM10: 1377603.4 | AN10: 1160169.5 | AO10: 1123491.6 | AP10: 1137419.1 | AQ10: 1174781.4 | AR10: 1132385.9 | AS10: 1211528.4 | AT10: 1190661.3 | AU10: 1246123.2 | AV10: 1216880.2 | AW10: 1258029.4 | AX10: 1269456.9 | AY10: 1270784.8
C11: Order/U | D11: # | F11: =J11 -> 0.22781315 | G11: =K11 -> 0.22874479 | H11: =IFERROR(F11/G11-1,"-") -> -0.0040728434 | J11: 0.22781315 | K11: 0.22874479 | L11: 0.22088353 | M11: 0.21184019 | N11: 0.20691935 | O11: 0.20407301 | P11: 0.20663979 | Q11: 0.1937387 | R11: 0.20168403 | S11: 0.2101148 | T11: 0.20554478 | U11: 0.20508317 | V11: 0.21122669 | W11: 0.21192268 | X11: 0.20876948 | Y11: 0.19747641 | Z11: 0.18865145 | AA11: 0.18889711 | AB11: 0.2012293 | AC11: 0.21144094 | AD11: 0.18933008 | AE11: 0.22047613 | AF11: 0.19946104 | AG11: 0.20777142 | AH11: 0.20857907 | AI11: 0.21663084 | AJ11: 0.21281235 | AK11: 0.19263849 | AL11: 0.20328396 | AM11: 0.20332371 | AN11: 0.17817143 | AO11: 0.16566176 | AP11: 0.1685295 | AQ11: 0.16830065 | AR11: 0.16308533 | AS11: 0.17376751 | AT11: 0.17105577 | AU11: 0.17725081 | AV11: 0.17485614 | AW11: 0.18535033 | AX11: 0.18997252 | AY11: 0.19038162
B12: HP UV | C12: GMV | D12: # | F12: =J12 -> 28536646 | G12: =K12 -> 30799734 | H12: =IFERROR(F12/G12-1,"-") -> -0.073477541 | J12: 28536646 | K12: 30799734 | L12: 28267567 | M12: 27958991 | N12: 26860341 | O12: 26013997 | P12: 25235102 | Q12: 26852231 | R12: 25429264 | S12: 28401656 | T12: 24398943 | U12: 24046075 | V12: 24670288 | W12: 25270836 | X12: 25342809 | Y12: 23250874 | Z12: 20935571 | AA12: 20297120 | AB12: 20918886 | AC12: 21756531 | AD12: 20092232 | AE12: 22945558 | AF12: 19856109 | AG12: 21476674 | AH12: 20359586 | AI12: 20618123 | AJ12: 18659184 | AK12: 17749048 | AL12: 17406169 | AM12: 17050787 | AN12: 15761132 | AO12: 16411785 | AP12: 16744079 | AQ12: 17220255 | AR12: 17430585 | AS12: 17273675 | AT12: 16876815 | AU12: 16591535 | AV12: 16241774 | AW12: 17335141 | AX12: 17752191 | AY12: 17858825
B14: Avg No. of Modules in HP Layout | C14: Ads Gross Rev | D14: # | F14: =J14 -> 1314589.7 | G14: =K14 -> 1268714.4 | H14: =IFERROR(F14/G14-1,"-") -> 0.036158898 | J14: 1314589.7 | K14: 1268714.4 | L14: 1082321.7 | M14: 1008390.2 | N14: 958671.44 | O14: 935518.98 | P14: 908549.7 | Q14: 814661.94 | R14: 703043.57 | S14: 756517.17 | T14: 686644.33 | U14: 693380.6 | V14: 750334.88 | W14: 733231.7 | X14: 721757.64 | Y14: 676557.32 | Z14: 617142.22 | AA14: 554000.36 | AB14: 543432.01 | AC14: 528356.34 | AD14: 483688.44 | AE14: 529887.1 | AF14: 447796.58 | AG14: 490906.37 | AH14: 498937.36 | AI14: 496638.51 | AJ14: 448177.8 | AK14: 432457.05 | AL14: 421284.62 | AM14: 412713.54 | AN14: 384699.72 | AO14: 385240.52 | AP14: 389549.31 | AQ14: 411638.16 | AR14: 430223.02 | AS14: 425555.91
B15: Avg No. of Modules in HP Layout | C15: Gross Take Rate | D15: % | F15: =J15 -> 0.046066721 | G15: =K15 -> 0.041192381 | H15: =IFERROR(F15/G15-1,"-") -> 0.11833112 | J15: 0.046066721 | K15: 0.041192381 | L15: 0.038288462 | M15: 0.036066758 | N15: 0.035690963 | O15: 0.035962139 | P15: 0.036003409 | Q15: 0.030338706 | R15: 0.027647028 | S15: 0.026636375 | T15: 0.028142381 | U15: 0.0288355 | V15: 0.030414517 | W15: 0.029014937 | X15: 0.028479781 | Y15: 0.029098146 | Z15: 0.029478165 | AA15: 0.027294531 | AB15: 0.025978057 | AC15: 0.024284954 | AD15: 0.024073405 | AE15: 0.023093232 | AF15: 0.022552081 | AG15: 0.022857654 | AH15: 0.024506263 | AI15: 0.024087474 | AJ15: 0.024019154 | AK15: 0.024365084 | AL15: 0.024203179 | AM15: 0.024204956 | AN15: 0.024408127 | AO15: 0.023473408 | AP15: 0.0232649 | AQ15: 0.023904302 | AR15: 0.024682076 | AS15: 0.024636095
B16: HP UV | C16: Ads Direct ROI | D16: # | F16: =J16 -> 6.9775383 | G16: =K16 -> 7.6306897 | H16: =IFERROR(F16/G16-1,"-") -> -0.085595332 | J16: 6.9775383 | K16: 7.6306897 | L16: 7.1660822 | M16: 7.1171355 | N16: 7.0681961 | O16: 6.8090505 | P16: 7.1106238 | Q16: 7.5309495 | R16: 8.1484732 | S16: 8.2040553 | T16: 7.8847091 | U16: 7.8405343 | V16: 7.1915227 | W16: 7.360515 | X16: 7.3146596 | Y16: 7.3382977 | Z16: 7.0403946 | AA16: 7.1664934 | AB16: 7.1995729 | AC16: 7.6934572 | AD16: 7.3948309 | AE16: 7.3646 | AF16: 7.0211417 | AG16: 6.8642663 | AH16: 6.735855 | AI16: 6.7631415 | AJ16: 6.4581875 | AK16: 6.5527507 | AL16: 6.5720929 | AM16: 6.4771257 | AN16: 6.2912509 | AO16: 6.2532206 | AP16: 6.3123173 | AQ16: 6.1043723 | AR16: 5.924515 | AS16: 6.0455535
B18: Avg No. of Modules in HP Layout | C18: Ads Net Rev | D18: # | F18: =J18 -> 1252499.6 | G18: =K18 -> 1198486.9 | H18: =IFERROR(F18/G18-1,"-") -> 0.045067386 | J18: 1252499.6 | K18: 1198486.9 | L18: 1021885.5 | M18: 954168.97 | N18: 917606.98 | O18: 897681.15 | P18: 859766.41 | Q18: 771895.36 | R18: 669788.69 | S18: 722938.1 | T18: 658053.62 | U18: 638974.51 | V18: 670405.57 | W18: 659772.25 | X18: 650623.52 | Y18: 612866.75 | Z18: 557077.6 | AA18: 508448.75 | AB18: 505123.91 | AC18: 480857.8 | AD18: 421858.83
C19: Net Take Rate | D19: % | F19: =J19 -> 0.043890917 | G19: =K19 -> 0.038912247 | H19: =IFERROR(F19/G19-1,"-") -> 0.12794609 | J19: 0.043890917 | K19: 0.038912247 | L19: 0.036150458 | M19: 0.034127446 | N19: 0.034162149 | O19: 0.034507621 | P19: 0.034070257 | Q19: 0.028746042 | R19: 0.026339288 | S19: 0.025454082 | T19: 0.02697058 | U19: 0.026572923 | V19: 0.027174615 | W19: 0.02610805 | X19: 0.025672905 | Y19: 0.02635887 | Z19: 0.026609143 | AA19: 0.025050291 | AB19: 0.024146789 | AC19: 0.022101768 | AD19: 0.020996116
B21: Avg No. of Modules in HP Layout | C21: Ads Net Rev (excl 1p/sip) | D21: # | F21: =J21 -> 1169716.5 | G21: =K21 -> 1134047.2 | H21: =IFERROR(F21/G21-1,"-") -> 0.031453064 | J21: 1169716.5 | K21: 1134047.2 | L21: 961428.31 | M21: 906701.12 | N21: 874445.59 | O21: 852274.49 | P21: 813696.09 | Q21: 733933.26 | R21: 643055.84 | S21: 686509.84 | T21: 620061.75 | U21: 598320.9 | V21: 641439.62 | W21: 623187.11 | X21: 580267.58 | Y21: 534355.04 | Z21: 456758.81 | AA21: 432217.9 | AB21: 438204.4 | AC21: 430651.91 | AD21: 387338.67
C22: Net Take Rate (excl 1p/sip) | D22: % | F22: =J22 -> 0.040989977 | G22: =K22 -> 0.036820032 | H22: =IFERROR(F22/G22-1,"-") -> 0.11325209 | J22: 0.040989977 | K22: 0.036820032 | L22: 0.034011711 | M22: 0.032429679 | N22: 0.032555267 | O22: 0.032762151 | P22: 0.032244613 | Q22: 0.027332301 | R22: 0.025288025 | S22: 0.024171472 | T22: 0.025413468 | U22: 0.024882268 | V22: 0.026000492 | W22: 0.024660328 | X22: 0.022896735 | Y22: 0.022982149 | Z22: 0.021817356 | AA22: 0.021294543 | AB22: 0.020947789 | AC22: 0.019794144 | AD22: 0.019278031
B24: Avg No. of Modules in HP Layout | C24: Commission Fee | D24: USD | F24: =J24 -> 2753899.3 | G24: =K24 -> 2936936.2 | H24: =IFERROR(F24/G24-1,"-") -> -0.062322378 | J24: 2753899.3 | K24: 2936936.2 | L24: 2708038.4 | M24: 2577005.5 | N24: 2530563.6 | O24: 2350657.1 | P24: 2182477.2 | Q24: 2154671.8 | R24: 1955512.6 | S24: 2255059.7 | T24: 1870528.4 | U24: 1819846.5 | V24: 1871993.6 | W24: 1936108.5 | X24: 1938369.1 | Y24: 1831216.7 | Z24: 1708179.5 | AA24: 1339097.5 | AB24: 1387056.2 | AC24: 1435667.1 | AD24: 1311338.3 | AE24: 1195743.4 | AF24: 805737.49 | AG24: 876773.81 | AH24: 845901.64 | AI24: 865558.67 | AJ24: 757267.57 | AK24: 705919.37 | AL24: 692753.66 | AM24: 673362.22 | AN24: 611670.69 | AO24: 610759.66 | AP24: 612406.6 | AQ24: 595089.67 | AR24: 598208.98 | AS24: 540808.6 | AT24: 415530.73 | AU24: 407112.84 | AV24: 378270.95 | AW24: 398253.58 | AX24: 389112.98 | AY24: 377774.13 | AZ24: 392898.67 | BA24: 407141.35 | BB24: 478511.92 | BC24: 412813.74 | BD24: 398312.7 | BE24: 382210.23
B25: Avg No. of Modules in HP Layout | C25: Commission Rate | D25: % | F25: =J25 -> 0.09650396 | G25: =K25 -> 0.095355892 | H25: =IFERROR(F25/G25-1,"-") -> 0.012039819 | J25: 0.09650396 | K25: 0.095355892 | L25: 0.095800194 | M25: 0.092170904 | N25: 0.094211892 | O25: 0.090361244 | P25: 0.086485769 | Q25: 0.080241816 | R25: 0.076900087 | S25: 0.07939888 | T25: 0.076664323 | U25: 0.075681643 | V25: 0.075880494 | W25: 0.076614343 | X25: 0.076485962 | Y25: 0.078759049 | Z25: 0.08159221 | AA25: 0.065974753 | AB25: 0.06630641 | AC25: 0.065987869 | AD25: 0.065265936 | AE25: 0.052112194 | AF25: 0.040578821 | AG25: 0.040824469 | AH25: 0.041548077 | AI25: 0.041980479 | AJ25: 0.040584174 | AK25: 0.039772238 | AL25: 0.039799319 | AM25: 0.039491563 | AN25: 0.038808804 | AO25: 0.037214701 | AP25: 0.036574517 | AQ25: 0.034557542 | AR25: 0.034319501 | AS25: 0.031308253 | AT25: 0.024621394 | AU25: 0.024537382 | AV25: 0.023290002 | AW25: 0.022973772 | AX25: 0.021919152 | AY25: 0.021153359
B26: Avg No. of Modules in HP Layout | C26: Total Rebate | D26: USD | F26: =J26 -> 5493783.4 | G26: =K26 -> 6185802.4 | H26: =IFERROR(F26/G26-1,"-") -> -0.11187216 | J26: 5493783.4 | K26: 6185802.4 | L26: 5535633.2 | M26: 5112899.6 | N26: 4804191.8 | O26: 4451091.5 | P26: 4561405 | Q26: 3898549.9 | R26: 3456671.7 | S26: 4254605.3 | T26: 2589686.6 | U26: 2515038.9 | V26: 2656536.1 | W26: 2746211.3 | X26: 2679433.5 | Y26: 2442700.8 | Z26: 1998122.6 | AA26: 1794693.8 | AB26: 2007958 | AC26: 2038379.9 | AD26: 1869777.8 | AE26: 2576525.3 | AF26: 2021497.2 | AG26: 2116239.6 | AH26: 2091331.8 | AI26: 2149735.8 | AJ26: 1983165 | AK26: 1627922.7 | AL26: 1617023 | AM26: 1427815.9 | AN26: 881827.44 | AO26: 503107.2 | AP26: 409950.31 | AQ26: 365586.97 | AR26: 349543.46 | AS26: 375632.92 | AT26: 417628.71 | AU26: 486724.44 | AV26: 467735.13 | AW26: 525195.99 | AX26: 477273.27 | AY26: 506034.33 | AZ26: 624302.53 | BA26: 652005.21 | BB26: 783536.84 | BC26: 846047.06 | BD26: 765800.12 | BE26: 814473.27
C28: Order% by Channel (incl. ads & non-item cards) | D28: UNIT
C29: Total | F29: =J29 -> 1 | G29: =K29 -> 1 | H29: =IFERROR(F29/G29-1,"-") -> 0 | J29: 1 | K29: 1 | L29: 1 | M29: 1 | N29: 1 | O29: 1 | P29: 1 | Q29: 1 | R29: 1 | S29: 1 | T29: 1 | U29: 1 | V29: 1 | W29: 1 | X29: 1 | Y29: 1 | Z29: 1 | AA29: 1 | AB29: 1 | AC29: 1 | AD29: 1 | AE29: 1 | AF29: 1 | AG29: 1 | AH29: 1 | AI29: 1 | AJ29: 1 | AK29: 1 | AL29: 1 | AM29: 1 | AN29: 1 | AO29: 1 | AP29: 1 | AQ29: 1 | AR29: 1 | AS29: 1
B30: Platform DAU | C30: Global Search | D30: % | F30: =J30 -> 0.38178453 | G30: =K30 -> 0.37370253 | H30: =IFERROR(F30/G30-1,"-") -> 0.021626828 | J30: 0.38178453 | K30: 0.37370253 | L30: 0.37432997 | M30: 0.3706343 | N30: 0.37294099 | O30: 0.370035 | P30: 0.36111101 | Q30: 0.37191352 | R30: 0.37960754 | S30: 0.37358212 | T30: 0.37363372 | U30: 0.36658476 | V30: 0.36611454 | W30: 0.35802326 | X30: 0.36153586 | Y30: 0.36577683 | Z30: 0.36161451 | AA30: 0.37008827 | AB30: 0.37197703 | AC30: 0.36745918 | AD30: 0.37232591 | AE30: 0.36122739 | AF30: 0.35182398 | AG30: 0.34302979 | AH30: 0.33364518 | AI30: 0.32590736 | AJ30: 0.32162787 | AK30: 0.33366612 | AL30: 0.33878635 | AM30: 0.3464422 | AN30: 0.35211053 | AO30: 0.36175437 | AP30: 0.35667989 | AQ30: 0.34538205 | AR30: 0.34264238 | AS30: 0.3309508
B31: Platform DAU | C31: Daily Discover | D31: % | F31: =J31 -> 0.078503529 | G31: =K31 -> 0.086585338 | H31: =IFERROR(F31/G31-1,"-") -> -0.093339231 | J31: 0.078503529 | K31: 0.086585338 | L31: 0.090525642 | M31: 0.087688062 | N31: 0.087779693 | O31: 0.088204451 | P31: 0.083386878 | Q31: 0.076718851 | R31: 0.074519259 | S31: 0.069085912 | T31: 0.069639606 | U31: 0.066758396 | V31: 0.047249134 | W31: 0.046795432 | X31: 0.046304906 | Y31: 0.047137979 | Z31: 0.044481331 | AA31: 0.046036447 | AB31: 0.048901654 | AC31: 0.044433132 | AD31: 0.040024252 | AE31: 0.043376117 | AF31: 0.04444332 | AG31: 0.0413473 | AH31: 0.047618514 | AI31: 0.046984763 | AJ31: 0.045519368 | AK31: 0.035030894 | AL31: 0.034860331 | AM31: 0.033269097 | AN31: 0.030451017 | AO31: 0.028842117 | AP31: 0.030872913 | AQ31: 0.031437232 | AR31: 0.031447259 | AS31: 0.029882709
B32: Platform DAU | C32: You May Also Like | D32: % | F32: =J32 -> 0.12546118 | G32: =K32 -> 0.11352823 | H32: =IFERROR(F32/G32-1,"-") -> 0.10510999 | J32: 0.12546118 | K32: 0.11352823 | L32: 0.11571428 | M32: 0.11698634 | N32: 0.1154329 | O32: 0.11705779 | P32: 0.11866223 | Q32: 0.12666751 | R32: 0.13074824 | S32: 0.13150306 | T32: 0.1344098 | U32: 0.13908951 | V32: 0.13870286 | W32: 0.13840018 | X32: 0.14700809 | Y32: 0.14407914 | Z32: 0.14777594 | AA32: 0.14112808 | AB32: 0.1435072 | AC32: 0.15349992 | AD32: 0.15735202 | AE32: 0.16380153 | AF32: 0.17618955 | AG32: 0.17274505 | AH32: 0.17229378 | AI32: 0.1700827 | AJ32: 0.1669714 | AK32: 0.16959705 | AL32: 0.17727823 | AM32: 0.18004644 | AN32: 0.17442677 | AO32: 0.17547967 | AP32: 0.17622312 | AQ32: 0.1827937 | AR32: 0.18399222 | AS32: 0.19140283
B33: Platform DAU | C33: Post Purchase | D33: % | F33: =J33 -> 0.044247511 | G33: =K33 -> 0.045411834 | H33: =IFERROR(F33/G33-1,"-") -> -0.025639205 | J33: 0.044247511 | K33: 0.045411834 | L33: 0.04708886 | M33: 0.047506697 | N33: 0.043134121 | O33: 0.042498536 | P33: 0.04337019 | Q33: 0.045073817 | R33: 0.046151919 | S33: 0.046592978 | T33: 0.044942462 | U33: 0.045043823 | V33: 0.045299462 | W33: 0.045384832 | X33: 0.044085658 | Y33: 0.043042483 | Z33: 0.04152312 | AA33: 0.04305763 | AB33: 0.044631852 | AC33: 0.045369831 | AD33: 0.04474487 | AE33: 0.043376876 | AF33: 0.044488867 | AG33: 0.040670341 | AH33: 0.040465022 | AI33: 0.040376971 | AJ33: 0.039515984 | AK33: 0.038523068 | AL33: 0.043147982 | AM33: 0.044156051 | AN33: 0.04262789 | AO33: 0.043035544 | AP33: 0.043675877 | AQ33: 0.042561307 | AR33: 0.041035643 | AS33: 0.041243355
B34: Platform DAU | C34: Private Domain | D34: % | F34: =J34 -> 0.10141502 | G34: =K34 -> 0.10082056 | H34: =IFERROR(F34/G34-1,"-") -> 0.005896286 | J34: 0.10141502 | K34: 0.10082056 | L34: 0.097782814 | M34: 0.10090451 | N34: 0.10468919 | O34: 0.10590058 | P34: 0.10713144 | Q34: 0.11178959 | R34: 0.10938574 | S34: 0.11420537 | T34: 0.10799396 | U34: 0.10795166 | V34: 0.1094219 | W34: 0.1087305 | X34: 0.10930549 | Y34: 0.10874134 | Z34: 0.110956 | AA34: 0.10974134 | AB34: 0.10989241 | AC34: 0.11038038 | AD34: 0.11068626 | AE34: 0.11378347 | AF34: 0.11154976 | AG34: 0.11762962 | AH34: 0.1198819 | AI34: 0.12291553 | AJ34: 0.12385075 | AK34: 0.12629485 | AL34: 0.12425245 | AM34: 0.12695957 | AN34: 0.13153848 | AO34: 0.12964292 | AP34: 0.12720641 | AQ34: 0.12471651 | AR34: 0.12425851 | AS34: 0.12505119
B35: Platform DAU | C35: Live Streaming | D35: % | F35: =J35 -> 0.032533689 | G35: =K35 -> 0.04041515 | H35: =IFERROR(F35/G35-1,"-") -> -0.19501255 | J35: 0.032533689 | K35: 0.04041515 | L35: 0.042558133 | M35: 0.042798325 | N35: 0.039729629 | O35: 0.040678152 | P35: 0.046245845 | Q35: 0.035151687 | R35: 0.030823927 | S35: 0.039148681 | T35: 0.037322399 | U35: 0.037977555 | V35: 0.047607953 | W35: 0.053269073 | X35: 0.049693948 | Y35: 0.046127478 | Z35: 0.045823496 | AA35: 0.042711248 | AB35: 0.048001673 | AC35: 0.050825665 | AD35: 0.043674437 | AE35: 0.050046812 | AF35: 0.047702576 | AG35: 0.057107584 | AH35: 0.059778249 | AI35: 0.055079438 | AJ35: 0.064778157 | AK35: 0.04609351 | AL35: 0.030440593 | AM35: 0.014596085 | AN35: 0.0058270522 | AO35: 0.0028981659 | AP35: 0.002656709 | AQ35: 0.0031920917 | AR35: 0.0035720163 | AS35: 0.0039298071
B36: Platform DAU | C36: Video | D36: % | F36: =J36 -> 0.08675265 | G36: =K36 -> 0.091373812 | H36: =IFERROR(F36/G36-1,"-") -> -0.050574248 | J36: 0.08675265 | K36: 0.091373812 | L36: 0.085628779 | M36: 0.069986808 | N36: 0.06091311 | O36: 0.049478756 | P36: 0.040984976 | Q36: 0.035680909 | R36: 0.035835091 | S36: 0.035105475 | T36: 0.031937127 | U36: 0.032049036 | V36: 0.032180901 | W36: 0.025008565 | X36: 0.021660513 | Y36: 0.015537149 | Z36: 0.0088290837 | AA36: 0.0039027681 | AB36: 0.0020665848 | AC36: 0.0002010041 | AD36: 0.00012727438 | AE36: 0.00010260797 | AF36: 0 | AG36: 0 | AH36: 0 | AI36: 0 | AJ36: 0 | AK36: 0 | AL36: 0 | AM36: 0 | AN36: 0 | AO36: 0 | AP36: 0 | AQ36: 0 | AR36: 0 | AS36: 0
B37: Platform DAU | C37: Others | D37: % | F37: =J37 -> 0.14930189 | G37: =K37 -> 0.14816255 | H37: =IFERROR(F37/G37-1,"-") -> 0.0076897836 | J37: 0.14930189 | K37: 0.14816255 | L37: 0.14637152 | M37: 0.16349495 | N37: 0.17538036 | O37: 0.18614674 | P37: 0.19910743 | Q37: 0.19700411 | R37: 0.19292829 | S37: 0.19077641 | T37: 0.20012093 | U37: 0.20454526 | V37: 0.21342325 | W37: 0.22438816 | X37: 0.22040553 | Y37: 0.22955759 | Z37: 0.23899652 | AA37: 0.24333422 | AB37: 0.2310216 | AC37: 0.22783089 | AD37: 0.23106498 | AE37: 0.22428519 | AF37: 0.22380195 | AG37: 0.22747031 | AH37: 0.22631736 | AI37: 0.23865325 | AJ37: 0.23773648 | AK37: 0.25079451 | AL37: 0.25123405 | AM37: 0.25453055 | AN37: 0.26301827 | AO37: 0.25834721 | AP37: 0.26268509 | AQ37: 0.26991712 | AR37: 0.27305197 | AS37: 0.27753931
C39: Rev% by Channel (incl. ads & non-item cards) | D39: UNIT
C40: Total | D40: % | F40: =J40 -> 1 | G40: =K40 -> 1 | H40: =IFERROR(F40/G40-1,"-") -> 0 | J40: 1 | K40: 1 | L40: 1 | M40: 1 | N40: 1 | O40: 1 | P40: 1 | Q40: 1 | R40: 1 | S40: 1 | T40: 1 | U40: 1 | V40: 1 | W40: 1 | X40: 1 | Y40: 1 | Z40: 1 | AA40: 1 | AB40: 1 | AC40: 1 | AD40: 1 | AE40: 1 | AF40: 1 | AG40: 1 | AH40: 1 | AI40: 1 | AJ40: 1 | AK40: 1 | AL40: 1 | AM40: 1 | AN40: 1 | AO40: 1 | AP40: 1 | AQ40: 1 | AR40: 1 | AS40: 1
B41: Platform DAU | C41: Search | D41: % | F41: =J41 -> 0.51808536 | G41: =K41 -> 0.48123537 | H41: =IFERROR(F41/G41-1,"-") -> 0.076573737 | J41: 0.51808536 | K41: 0.48123537 | L41: 0.49853475 | M41: 0.51029665 | N41: 0.52057966 | O41: 0.52785328 | P41: 0.54637691 | Q41: 0.56397005 | R41: 0.58845334 | S41: 0.55899316 | T41: 0.57080291 | U41: 0.54864688 | V41: 0.56954389 | W41: 0.54683521 | X41: 0.55547688 | Y41: 0.56073281 | Z41: 0.54951728 | AA41: 0.55740013 | AB41: 0.56877849 | AC41: 0.57713947 | AD41: 0.56869361 | AE41: 0.6004409 | AF41: 0.60902322 | AG41: 0.60131937 | AH41: 0.59090575 | AI41: 0.58763199 | AJ41: 0.59925269 | AK41: 0.59952798 | AL41: 0.61123472 | AM41: 0.61894092 | AN41: 0.634429 | AO41: 0.65001307 | AP41: 0.64083193 | AQ41: 0.64683955 | AR41: 0.64312387 | AS41: 0.65132365
B42: Platform DAU | C42: Daily Discover | D42: % | F42: =J42 -> 0.17465934 | G42: =K42 -> 0.18656367 | H42: =IFERROR(F42/G42-1,"-") -> -0.063808391 | J42: 0.17465934 | K42: 0.18656367 | L42: 0.17078784 | M42: 0.16417404 | N42: 0.16366641 | O42: 0.15291211 | P42: 0.142465 | Q42: 0.11816345 | R42: 0.10396026 | S42: 0.1181118 | T42: 0.12196694 | U42: 0.1255778 | V42: 0.093481741 | W42: 0.087739006 | X42: 0.088572262 | Y42: 0.094774072 | Z42: 0.097757839 | AA42: 0.10728826 | AB42: 0.10023104 | AC42: 0.095793414 | AD42: 0.096293665 | AE42: 0.087903763 | AF42: 0.089329038 | AG42: 0.08964465 | AH42: 0.097558884 | AI42: 0.10098232 | AJ42: 0.095892808 | AK42: 0.086755597 | AL42: 0.090861041 | AM42: 0.087930596 | AN42: 0.089391324 | AO42: 0.082474697 | AP42: 0.086507847 | AQ42: 0.090015449 | AR42: 0.086647251 | AS42: 0.083671686
B43: Platform DAU | C43: RCMD | D43: % | F43: =J43 -> 0.1687054 | G43: =K43 -> 0.17751182 | H43: =IFERROR(F43/G43-1,"-") -> -0.049610338 | J43: 0.1687054 | K43: 0.17751182 | L43: 0.17420297 | M43: 0.17190675 | N43: 0.18338814 | O43: 0.18671173 | P43: 0.17328676 | Q43: 0.18036928 | R43: 0.16918425 | S43: 0.18317845 | T43: 0.17148545 | U43: 0.19054283 | V43: 0.20085544 | W43: 0.21098096 | X43: 0.2191755 | Y43: 0.21608935 | Z43: 0.22628009 | AA43: 0.21050068 | AB43: 0.20787436 | AC43: 0.20675469 | AD43: 0.21442716 | AE43: 0.19981127 | AF43: 0.19686242 | AG43: 0.20420925 | AH43: 0.20586433 | AI43: 0.20918745 | AJ43: 0.20857329 | AK43: 0.21405948 | AL43: 0.20851706 | AM43: 0.21660254 | AN43: 0.20349511 | AO43: 0.20531686 | AP43: 0.21239309 | AQ43: 0.21005003 | AR43: 0.21828323 | AS43: 0.21922484
B44: Platform DAU | C44: Game | D44: % | F44: =J44 -> 0.028009661 | G44: =K44 -> 0.035004094 | H44: =IFERROR(F44/G44-1,"-") -> -0.19981756 | J44: 0.028009661 | K44: 0.035004094 | L44: 0.037944677 | M44: 0.038053859 | N44: 0.019534086 | O44: 0.021041904 | P44: 0.029890223 | Q44: 0.030646094 | R44: 0.034344443 | S44: 0.033817473 | T44: 0.037863734 | U44: 0.038181166 | V44: 0.038084418 | W44: 0.049588623 | X44: 0.046196343 | Y44: 0.04388371 | Z44: 0.050535616 | AA44: 0.053199059 | AB44: 0.052386997 | AC44: 0.051951483 | AD44: 0.054969687 | AE44: 0.049720194 | AF44: 0.049565 | AG44: 0.05155789 | AH44: 0.047748314 | AI44: 0.04576335 | AJ44: 0.047982652 | AK44: 0.05050131 | AL44: 0.04630757 | AM44: 0.037005038 | AN44: 0.035561542 | AO44: 0.026103309 | AP44: 0.022743858 | AQ44: 0.018855879 | AR44: 0.019649655 | AS44: 0.01503913
B45: Platform DAU | C45: Brand | D45: % | F45: =J45 -> 0.068040631 | G45: =K45 -> 0.075584325 | H45: =IFERROR(F45/G45-1,"-") -> -0.099805012 | J45: 0.068040631 | K45: 0.075584325 | L45: 0.075803558 | M45: 0.075891101 | N45: 0.077026384 | O45: 0.076010225 | P45: 0.078499935 | Q45: 0.083033734 | R45: 0.081653035 | S45: 0.084978054 | T45: 0.079288269 | U45: 0.07990782 | V45: 0.077700478 | W45: 0.082167109 | X45: 0.072541512 | Y45: 0.071378537 | Z45: 0.063774281 | AA45: 0.060915569 | AB45: 0.05977633 | AC45: 0.057300013 | AD45: 0.056399408 | AE45: 0.055835026 | AF45: 0.053432932 | AG45: 0.05325594 | AH45: 0.057918439 | AI45: 0.055156084 | AJ45: 0.0482978 | AK45: 0.049154359 | AL45: 0.043079612 | AM45: 0.039520906 | AN45: 0.03712303 | AO45: 0.036092067 | AP45: 0.037523276 | AQ45: 0.034239092 | AR45: 0.032295991 | AS45: 0.030740699
B46: Platform DAU | C46: Live Streaming | D46: % | F46: =J46 -> 0.01683426 | G46: =K46 -> 0.019850055 | H46: =IFERROR(F46/G46-1,"-") -> -0.15192876 | J46: 0.01683426 | K46: 0.019850055 | L46: 0.021410039 | M46: 0.020197129 | N46: 0.018405763 | O46: 0.01771984 | P46: 0.015330078 | Q46: 0.017130553 | R46: 0.016600155 | S46: 0.015113654 | T46: 0.013041184 | U46: 0.011718058 | V46: 0.013337496 | W46: 0.013953163 | X46: 0.014250763 | Y46: 0.012719397 | Z46: 0.012052317 | AA46: 0.01069274 | AB46: 0.010952787 | AC46: 0.011060929 | AD46: 0.0092164699 | AE46: 0.0062888444 | AF46: 0.0017873939 | AG46: 0.00039970831 | AH46: 0 | AI46: 0 | AJ46: 0 | AK46: 0 | AL46: 0 | AM46: 0 | AN46: 0 | AO46: 0 | AP46: 0 | AQ46: 0 | AR46: 0 | AS46: 0
B47: Platform DAU | C47: Video | D47: % | F47: =J47 -> 0.0085146273 | G47: =K47 -> 0.0095805704 | H47: =IFERROR(F47/G47-1,"-") -> -0.11126092 | J47: 0.0085146273 | K47: 0.0095805704 | L47: 0.010851446 | M47: 0.011384151 | N47: 0.011274087 | O47: 0.010197799 | P47: 0.0084780487 | Q47: 0.0027310006 | R47: 0.001485866 | S47: 0.0010289213 | T47: 0.00087946817 | U47: 0.00075997132 | V47: 0.0011091962 | W47: 0.00095403511 | X47: 0.00017678497 | Y47: 0.0001641729 | Z47: 8.2554618e-05 | AA47: 3.5439167e-06 | AB47: 0 | AC47: 0 | AD47: 0 | AE47: 0 | AF47: 0 | AG47: 0 | AH47: 0 | AI47: 0 | AJ47: 0 | AK47: 0 | AL47: 0 | AM47: 0 | AN47: 0 | AO47: 0 | AP47: 0 | AQ47: 0 | AR47: 0 | AS47: 0
B48: Platform DAU | C48: Undefined | D48: % | F48: =J48 -> 0.017150715 | G48: =K48 -> 0.014670092 | H48: =IFERROR(F48/G48-1,"-") -> 0.16909386 | J48: 0.017150715 | K48: 0.014670092 | L48: 0.010464725 | M48: 0.0080963178 | N48: 0.0061254621 | O48: 0.0075531083 | P48: 0.0056730436 | Q48: 0.0039558374 | R48: 0.0043186436 | S48: 0.0047784911 | T48: 0.0046720377 | U48: 0.0046654778 | V48: 0.0058873326 | W48: 0.0077818922 | X48: 0.0036099519 | Y48: 0.00025794872 | Z48: 1.8132052e-08 | AA48: 2.0693813e-08 | AB48: 2.37653e-16 | AC48: -1.4975885e-16 | AD48: 3.1589572e-16 | AE48: 4.8917211e-17 | AF48: -1.0612207e-16 | AG48: -0.00038680907 | AH48: 4.2857453e-06 | AI48: 0.0012787998 | AJ48: 7.5988607e-07 | AK48: 1.2697736e-06 | AL48: -1.4680251e-16 | AM48: -4.4073897e-17 | AN48: -1.0875172e-16 | AO48: -1.3692924e-16 | AP48: -2.288041e-16 | AQ48: 1.4582382e-16 | AR48: 4.5662563e-16 | AS48: -2.1799359e-16
C50: Rev% by Seller Type | D50: UNIT
C51: Total | D51: % | F51: =J51 -> 1 | G51: =K51 -> 1 | H51: =IFERROR(F51/G51-1,"-") -> 0 | J51: 1 | K51: 1 | L51: 1 | M51: 1 | N51: 1 | O51: 1 | P51: 1 | Q51: 1 | R51: 1 | S51: 1 | T51: 1 | U51: 1 | V51: 1 | W51: 1 | X51: 1 | Y51: 1 | Z51: 1 | AA51: 1 | AB51: 1 | AC51: 1 | AD51: 1
C52: CB Rev% | D52: % | F52: =J52 -> 0.2604045 | G52: =K52 -> 0.26116249 | H52: =IFERROR(F52/G52-1,"-") -> -0.0029023756 | J52: 0.2604045 | K52: 0.26116249 | L52: 0.27067864 | M52: 0.2638446 | N52: 0.26535894 | O52: 0.26580878 | P52: 0.26383789 | Q52: 0.25731264 | R52: 0.24990496 | S52: 0.23718072 | T52: 0.22373016 | U52: 0.22742285 | V52: 0.22947613 | W52: 0.235434 | X52: 0.26347449 | Y52: 0 | Z52: 0 | AA52: 0 | AB52: 0 | AC52: 0 | AD52: 0
C53: Lovito(1p)% | D53: % | F53: =J53 -> 0.0015986503 | G53: =K53 -> 0.0013339661 | H53: =IFERROR(F53/G53-1,"-") -> 0.198419 | J53: 0.0015986503 | K53: 0.0013339661 | L53: 0.0016383756 | M53: 0.0016108164 | N53: 0.0019618414 | O53: 0.0023665914 | P53: 0.0027855419 | Q53: 0.0033696343 | R53: 0.0032947903 | S53: 0.0037915572 | T53: 0.0052802611 | U53: 0.0078352767 | V53: 0.0069665859 | W53: 0.0060944601 | X53: 0.0068689755 | Y53: 0 | Z53: 0 | AA53: 0 | AB53: 0 | AC53: 0 | AD53: 0
C54: SCS(1p)% | D54: % | F54: =J54 -> 0.0041807235 | G54: =K54 -> 0.0048564626 | H54: =IFERROR(F54/G54-1,"-") -> -0.13914224 | J54: 0.0041807235 | K54: 0.0048564626 | L54: 0.0053762231 | M54: 0.0058842992 | N54: 0.0064949271 | O54: 0.0085684283 | P54: 0.011661796 | Q54: 0.014697837 | R54: 0.014591677 | S54: 0.017901376 | T54: 0.023976124 | U54: 0.026572418 | V54: 0.022259888 | W54: 0.019942659 | X54: 0.028040829 | Y54: 0 | Z54: 0 | AA54: 0 | AB54: 0 | AC54: 0 | AD54: 0
C55: Others(3p)% | D55: % | F55: =J55 -> 0.1814046 | G55: =K55 -> 0.18178044 | H55: =IFERROR(F55/G55-1,"-") -> -0.0020675511 | J55: 0.1814046 | K55: 0.18178044 | L55: 0.19516753 | M55: 0.1970483 | N55: 0.19856422 | O55: 0.19246085 | P55: 0.18425784 | Q55: 0.17851734 | R55: 0.18127844 | S55: 0.15801164 | T55: 0.15054286 | U55: 0.15402284 | V55: 0.15945684 | W55: 0.16308542 | X55: 0.15200315 | Y55: 0 | Z55: 0 | AA55: 0 | AB55: 0 | AC55: 0 | AD55: 0
C56: unknow% | D56: % | F56: =J56 -> 0.073220525 | G56: =K56 -> 0.066346201 | H56: =IFERROR(F56/G56-1,"-") -> 0.10361293 | J56: 0.073220525 | K56: 0.066346201 | L56: 0.068496518 | M56: 0.05930119 | N56: 0.058337946 | O56: 0.062412915 | P56: 0.065132716 | Q56: 0.060727831 | R56: 0.050740054 | S56: 0.05747615 | T56: 0.043930922 | U56: 0.038992316 | V56: 0.040792816 | W56: 0.046311452 | X56: 0.076561538 | Y56: 0 | Z56: 0 | AA56: 0 | AB56: 0 | AC56: 0 | AD56: 0
C57: Local Rev% | D57: % | F57: =J57 -> 0.7395955 | G57: =K57 -> 0.73883751 | H57: =IFERROR(F57/G57-1,"-") -> 0.0010259247 | J57: 0.7395955 | K57: 0.73883751 | L57: 0.72932136 | M57: 0.7361554 | N57: 0.73464106 | O57: 0.73419122 | P57: 0.73616211 | Q57: 0.74268736 | R57: 0.75009504 | S57: 0.76281928 | T57: 0.77626984 | U57: 0.77257715 | V57: 0.77052387 | W57: 0.764566 | X57: 0.73652551 | Y57: 1 | Z57: 1 | AA57: 1 | AB57: 1 | AC57: 1 | AD57: 1
C60: Total | F60: =F3 -> 45992 | G60: =G3 -> 45962 | H60: MOM | K60: 45474 | L60: 45444 | M60: MOM
C61: CB Rev | F61: =F$14*F52 -> 342325.08 | G61: =G$14*G52 -> 331340.61 | H61: =F61/G61-1 -> 0.033151576 | K61: =K$14*K52 -> 331340.61 | L61: =L$14*L52 -> 292961.36 | M61: =K61/L61-1 -> 0.1310045
C62: Lovito(1p) | F62: =F$14*F53 -> 2101.5692 | G62: =G$14*G53 -> 1692.4219 | H62: =F62/G62-1 -> 0.24175251 | K62: =K$14*K53 -> 1692.4219 | L62: =L$14*L53 -> 1773.2493 | M62: =K62/L62-1 -> -0.045581533
C63: SCS(1p) | F63: =F$14*F54 -> 5495.9361 | G63: =G$14*G54 -> 6161.464 | H63: =F63/G63-1 -> -0.10801457 | K63: =K$14*K54 -> 6161.464 | L63: =L$14*L54 -> 5818.8027 | M63: =K63/L63-1 -> 0.058888619
C64: Others(3p) | F64: =F$14*F55 -> 238472.62 | G64: =G$14*G55 -> 230627.46 | H64: =F64/G64-1 -> 0.034016587 | K64: =K$14*K55 -> 230627.46 | L64: =L$14*L55 -> 211234.04 | M64: =K64/L64-1 -> 0.091810124
C65: unknow | F65: =F$14*F56 -> 96254.948 | G65: =G$14*G56 -> 84174.379 | H65: =F65/G65-1 -> 0.14351835 | K65: =K$14*K56 -> 84174.379 | L65: =L$14*L56 -> 74135.265 | M65: =K65/L65-1 -> 0.13541618
C66: Local Rev | F66: =F$14*F57 -> 972264.62 | G66: =G$14*G57 -> 937373.77 | H66: =F66/G66-1 -> 0.037221919 | K66: =K$14*K57 -> 937373.77 | L66: =L$14*L57 -> 789360.3 | M66: =K66/L66-1 -> 0.18751066

Sheet TH
C1: Region:TH
H2: Updated Date | J2: =ID!J2 -> 46000
C3: S&R&A Monthly Metrics | F3: =J3 -> 45992 | G3: =K3 -> 45962 | H3: MoM % | J3: 45992 | K3: 45962 | L3: 45931 | M3: 45901 | N3: 45870 | O3: 45839 | P3: 45809 | Q3: 45778 | R3: 45748 | S3: 45717 | T3: 45689 | U3: 45658 | V3: 45627 | W3: 45597 | X3: 45566 | Y3: 45536 | Z3: 45505 | AA3: 45474 | AB3: 45444 | AC3: 45413 | AD3: 45383 | AE3: 45352 | AF3: 45323 | AG3: 45292 | AH3: 45261 | AI3: 45231 | AJ3: 45200 | AK3: 45170 | AL3: 45139 | AM3: 45108 | AN3: 45078 | AO3: 45047 | AP3: 45017 | AQ3: 44986 | AR3: 44958 | AS3: 44927 | AT3: 44896 | AU3: 44866 | AV3: 44835 | AW3: 44805 | AX3: 44774 | AY3: 44743 | AZ3: 44713 | BA3: 44682 | BB3: 44652 | BC3: 44621 | BD3: 44593 | BE3: 44562
D5: UNIT
B6: Platform DAU | C6: Platform DAU | D6: # | F6: =J6 -> 11638847 | G6: =K6 -> 11755321 | H6: =IFERROR(F6/G6-1,"-") -> -0.0099081431 | J6: 11638847 | K6: 11755321 | L6: 11759392 | M6: 11636472 | N6: 11546617 | O6: 11180320 | P6: 11261580 | Q6: 11131030 | R6: 10645350 | S6: 10634178 | T6: 10887512 | U6: 10619812 | V6: 10605711 | W6: 10437982 | X6: 10502001 | Y6: 10563658 | Z6: 10502528 | AA6: 10411067 | AB6: 10165245 | AC6: 9948651.7 | AD6: 9611226.9 | AE6: 9787212.9 | AF6: 9986886.3 | AG6: 10059846 | AH6: 9737733.2 | AI6: 9549462.6 | AJ6: 9011703.5 | AK6: 8843657.5 | AL6: 8465502.5 | AM6: 7622856.6 | AN6: 7460909.8 | AO6: 7759357.5 | AP6: 7441929.1 | AQ6: 7746943 | AR6: 7926218.9 | AS6: 7688449.3 | AT6: 7935591 | AU6: 8052940.9 | AV6: 8015857.3 | AW6: 7940276 | AX6: 7627959.7 | AY6: 7577341 | AZ6: 7397616.3 | BA6: 7328464.3 | BB6: 7145529.6 | BC6: 7131948 | BD6: 7090740.1 | BE6: 7037701.3
B8: Avg No. of Modules in HP Layout | C8: Buyer | D8: # | F8: =J8 -> 2103734.9 | G8: =K8 -> 2097625.4 | H8: =IFERROR(F8/G8-1,"-") -> 0.0029125739 | J8: 2103734.9 | K8: 2097625.4 | L8: 2066782.4 | M8: 2005382.6 | N8: 1942171.5 | O8: 1877401.2 | P8: 1941076.6 | Q8: 1889270.5 | R8: 1767614.2 | S8: 1811733 | T8: 1818485.9 | U8: 1793779.7 | V8: 1789750.1 | W8: 1752997.9 | X8: 1684394.8 | Y8: 1671703.3 | Z8: 1623709.1 | AA8: 1596802.8 | AB8: 1635013.3 | AC8: 1628544.2 | AD8: 1484142 | AE8: 1605227.4 | AF8: 1573447.2 | AG8: 1531819.5 | AH8: 1469371.2 | AI8: 1597436.7 | AJ8: 1519707.9 | AK8: 1476123.5 | AL8: 1413761.1 | AM8: 1150482.5 | AN8: 1015725.7 | AO8: 1013379.3 | AP8: 934145.4 | AQ8: 1000142.9 | AR8: 1051424.1 | AS8: 983409.26 | AT8: 1055027.9 | AU8: 931553.43 | AV8: 915504.48 | AW8: 980976.8 | AX8: 1038844.4 | AY8: 1043612.6
B9: Avg No. of Modules in HP Layout | C9: Buyer% | D9: % | F9: =J9 -> 0.18075114 | G9: =K9 -> 0.17844051 | H9: =IFERROR(F9/G9-1,"-") -> 0.012949018 | J9: 0.18075114 | K9: 0.17844051 | L9: 0.17575589 | M9: 0.17233596 | N9: 0.16820264 | O9: 0.16792016 | P9: 0.17236272 | Q9: 0.16973008 | R9: 0.16604566 | S9: 0.17036888 | T9: 0.16702492 | U9: 0.1689088 | V9: 0.16875343 | W9: 0.16794415 | X9: 0.16038798 | Y9: 0.15825042 | Z9: 0.15460174 | AA9: 0.15337552 | AB9: 0.16084347 | AC9: 0.16369496 | AD9: 0.15441754 | AE9: 0.16401271 | AF9: 0.15755133 | AG9: 0.15227067 | AH9: 0.15089458 | AI9: 0.16728027 | AJ9: 0.16863714 | AK9: 0.16691324 | AL9: 0.16700262 | AM9: 0.15092537 | AN9: 0.13613966 | AO9: 0.13060093 | AP9: 0.12552463 | AQ9: 0.12910162 | AR9: 0.13265141 | AS9: 0.12790736 | AT9: 0.13294887 | AU9: 0.11567866 | AV9: 0.11421167 | AW9: 0.12354442 | AX9: 0.13618902 | AY9: 0.13772808
B10: Avg No. of Modules in HP Layout | C10: Order | D10: # | F10: =J10 -> 3722316.2 | G10: =K10 -> 3732444.8 | H10: =IFERROR(F10/G10-1,"-") -> -0.0027136488 | J10: 3722316.2 | K10: 3732444.8 | L10: 3625844 | M10: 3511883.4 | N10: 3344197.4 | O10: 3216226.7 | P10: 3363187.8 | Q10: 3231312.9 | R10: 3053393.9 | S10: 3111299.2 | T10: 3105614.7 | U10: 3013858 | V10: 3065720.2 | W10: 2993154.6 | X10: 2850833.3 | Y10: 2877632 | Z10: 2766891 | AA10: 2806742.5 | AB10: 2841369.8 | AC10: 2806761.6 | AD10: 2517843.5 | AE10: 2799245 | AF10: 2680955.4 | AG10: 2567057 | AH10: 2555012.5 | AI10: 2889948.2 | AJ10: 2738254 | AK10: 2581735.9 | AL10: 2590353.3 | AM10: 2049148 | AN10: 1680814.4 | AO10: 1662382.7 | AP10: 1516514.6 | AQ10: 1624916.8 | AR10: 1660735.7 | AS10: 1540172 | AT10: 1730691.3 | AU10: 1499471.6 | AV10: 1470070.3 | AW10: 1595355.4 | AX10: 1681728.7 | AY10: 1739647.2
C11: Order/U | D11: # | F11: =J11 -> 0.31981829 | G11: =K11 -> 0.3175111 | H11: =IFERROR(F11/G11-1,"-") -> 0.0072664917 | J11: 0.31981829 | K11: 0.3175111 | L11: 0.30833602 | M11: 0.30179967 | N11: 0.28962572 | O11: 0.28766857 | P11: 0.29864262 | Q11: 0.29029776 | R11: 0.28682888 | S11: 0.29257544 | T11: 0.28524558 | U11: 0.28379579 | V11: 0.28906315 | W11: 0.28675607 | X11: 0.27145619 | Y11: 0.27240867 | Z11: 0.26345 | AA11: 0.2695922 | AB11: 0.27951808 | AC11: 0.28212482 | AD11: 0.261969 | AE11: 0.28601044 | AF11: 0.26844757 | AG11: 0.25517856 | AH11: 0.26238268 | AI11: 0.30262941 | AJ11: 0.30385531 | AK11: 0.29193079 | AL11: 0.30598931 | AM11: 0.26881628 | AN11: 0.22528277 | AO11: 0.21424231 | AP11: 0.20377978 | AQ11: 0.20974942 | AR11: 0.20952433 | AS11: 0.20032284 | AT11: 0.2180923 | AU11: 0.18620174 | AV11: 0.18339527 | AW11: 0.20091939 | AX11: 0.22046901 | AY11: 0.22958544
B12: HP UV | C12: GMV | D12: # | F12: =J12 -> 48967575 | G12: =K12 -> 49269708 | H12: =IFERROR(F12/G12-1,"-") -> -0.0061322282 | J12: 48967575 | K12: 49269708 | L12: 46798686 | M12: 46628775 | N12: 43753704 | O12: 42411133 | P12: 44104951 | Q12: 41037790 | R12: 37378905 | S12: 38000578 | T12: 40618374 | U12: 36820040 | V12: 36996360 | W12: 36087017 | X12: 35158410 | Y12: 34355708 | Z12: 30159590 | AA12: 29495267 | AB12: 29419420 | AC12: 28860287 | AD12: 26891415 | AE12: 29968755 | AF12: 29375740 | AG12: 27969747 | AH12: 28426964 | AI12: 27952900 | AJ12: 25746453 | AK12: 26125439 | AL12: 24357851 | AM12: 21893821 | AN12: 21156772 | AO12: 20818882 | AP12: 19383299 | AQ12: 21439200 | AR12: 22385176 | AS12: 19874457 | AT12: 21338690 | AU12: 20635567 | AV12: 19184102 | AW12: 21520571 | AX12: 20962325 | AY12: 21784137
B14: Avg No. of Modules in HP Layout | C14: Ads Gross Rev | D14: # | F14: =J14 -> 1754030 | G14: =K14 -> 1806631.2 | H14: =IFERROR(F14/G14-1,"-") -> -0.029115622 | J14: 1754030 | K14: 1806631.2 | L14: 1654073.7 | M14: 1596195 | N14: 1428815.7 | O14: 1360281.6 | P14: 1319412.2 | Q14: 1166114.6 | R14: 1022752.7 | S14: 1008246.8 | T14: 992670.3 | U14: 884709.28 | V14: 991492.97 | W14: 949180.76 | X14: 880223.11 | Y14: 829326.57 | Z14: 726650.36 | AA14: 677029.49 | AB14: 664029.7 | AC14: 607371.68 | AD14: 559944.99 | AE14: 583980.4 | AF14: 532898.29 | AG14: 528479.23 | AH14: 561580.6 | AI14: 564431.65 | AJ14: 504638.23 | AK14: 534061.82 | AL14: 503715.87 | AM14: 437344.46 | AN14: 435992.43 | AO14: 415186.96 | AP14: 389102.27 | AQ14: 412831.02 | AR14: 440514 | AS14: 396378.06
B15: Avg No. of Modules in HP Layout | C15: Gross Take Rate | D15: % | F15: =J15 -> 0.035820234 | G15: =K15 -> 0.036668193 | H15: =IFERROR(F15/G15-1,"-") -> -0.023125203 | J15: 0.035820234 | K15: 0.036668193 | L15: 0.035344448 | M15: 0.034231973 | N15: 0.032655879 | O15: 0.032073691 | P15: 0.029915284 | Q15: 0.028415628 | R15: 0.027361763 | S15: 0.026532407 | T15: 0.024438947 | U15: 0.024027928 | V15: 0.026799744 | W15: 0.026302555 | X15: 0.025035919 | Y15: 0.024139411 | Z15: 0.024093509 | AA15: 0.022953835 | AB15: 0.022571135 | AC15: 0.02104524 | AD15: 0.020822445 | AE15: 0.019486308 | AF15: 0.018140762 | AG15: 0.018894673 | AH15: 0.019755208 | AI15: 0.020192239 | AJ15: 0.019600301 | AK15: 0.020442215 | AL15: 0.020679816 | AM15: 0.019975703 | AN15: 0.020607701 | AO15: 0.019942807 | AP15: 0.020074099 | AQ15: 0.019255897 | AR15: 0.019678827 | AS15: 0.019944095
B16: HP UV | C16: Ads Direct ROI | D16: # | F16: =J16 -> 7.5351495 | G16: =K16 -> 7.6886849 | H16: =IFERROR(F16/G16-1,"-") -> -0.019969005 | J16: 7.5351495 | K16: 7.6886849 | L16: 7.5006727 | M16: 7.4552009 | N16: 7.4285646 | O16: 7.3467933 | P16: 7.984994 | Q16: 7.8368804 | R16: 7.9356056 | S16: 8.1997225 | T16: 8.352134 | U16: 7.7851836 | V16: 7.1458783 | W16: 6.6154078 | X16: 6.3633403 | Y16: 7.0427918 | Z16: 6.7998938 | AA16: 6.7512888 | AB16: 6.7514736 | AC16: 6.4607362 | AD16: 6.5495341 | AE16: 6.8114756 | AF16: 6.5360765 | AG16: 5.8964921 | AH16: 5.9257177 | AI16: 5.7240082 | AJ16: 5.7613597 | AK16: 6.0565527 | AL16: 5.7213078 | AM16: 5.660915 | AN16: 5.524238 | AO16: 5.4674539 | AP16: 5.3729479 | AQ16: 5.2067306 | AR16: 5.2155893 | AS16: 4.836397
B18: Avg No. of Modules in HP Layout | C18: Ads Net Rev | D18: # | F18: =J18 -> 1706035.9 | G18: =K18 -> 1733413.9 | H18: =IFERROR(F18/G18-1,"-") -> -0.015794238 | J18: 1706035.9 | K18: 1733413.9 | L18: 1587384 | M18: 1528562.7 | N18: 1389583.7 | O18: 1316908.9 | P18: 1263998.8 | Q18: 1099846.4 | R18: 982471.86 | S18: 976194.61 | T18: 950823.84 | U18: 844010.01 | V18: 945650.2 | W18: 896671.31 | X18: 831982.09 | Y18: 785684.15 | Z18: 695788.96 | AA18: 639700.25 | AB18: 625240.18 | AC18: 587738.42 | AD18: 542843.41
C19: Net Take Rate | D19: % | F19: =J19 -> 0.034840114 | G19: =K19 -> 0.035182142 | H19: =IFERROR(F19/G19-1,"-") -> -0.0097216255 | J19: 0.034840114 | K19: 0.035182142 | L19: 0.033919413 | M19: 0.032781532 | N19: 0.031759224 | O19: 0.031051019 | P19: 0.028658887 | Q19: 0.026800819 | R19: 0.026284126 | S19: 0.025688941 | T19: 0.023408713 | U19: 0.022922572 | V19: 0.025560628 | W19: 0.024847476 | X19: 0.023663814 | Y19: 0.022869101 | Z19: 0.023070239 | AA19: 0.021688234 | AB19: 0.021252635 | AC19: 0.020364954 | AD19: 0.020186495
B21: Avg No. of Modules in HP Layout | C21: Ads Net Rev (excl 1p/sip) | D21: # | F21: =J21 -> 1696292.4 | G21: =K21 -> 1723445.9 | H21: =IFERROR(F21/G21-1,"-") -> -0.015755361 | J21: 1696292.4 | K21: 1723445.9 | L21: 1575135.8 | M21: 1520098.3 | N21: 1382304.7 | O21: 1310958.3 | P21: 1256375 | Q21: 1092469.2 | R21: 971800.32 | S21: 959467.31 | T21: 929165.46 | U21: 819406.32 | V21: 920593.25 | W21: 875109.46 | X21: 801012 | Y21: 740588.44 | Z21: 648144.82 | AA21: 606947.91 | AB21: 598516.15 | AC21: 561703.39 | AD21: 527681.09
C22: Net Take Rate (excl 1p/sip) | D22: % | F22: =J22 -> 0.034641136 | G22: =K22 -> 0.034979828 | H22: =IFERROR(F22/G22-1,"-") -> -0.0096825084 | J22: 0.034641136 | K22: 0.034979828 | L22: 0.033657692 | M22: 0.032600006 | N22: 0.031592861 | O22: 0.03091071 | P22: 0.02848603 | Q22: 0.026621054 | R22: 0.02599863 | S22: 0.025248755 | T22: 0.022875496 | U22: 0.022254357 | V22: 0.024883347 | W22: 0.02424998 | X22: 0.022782941 | Y22: 0.021556489 | Z22: 0.021490505 | AA22: 0.020577807 | AB22: 0.020344254 | AC22: 0.019462848 | AD22: 0.01962266
B24: Avg No. of Modules in HP Layout | C24: Commission Fee | D24: USD | F24: =J24 -> 4907534.1 | G24: =K24 -> 4922909.8 | H24: =IFERROR(F24/G24-1,"-") -> -0.0031232912 | J24: 4907534.1 | K24: 4922909.8 | L24: 4517369.9 | M24: 4138327 | N24: 3739689.2 | O24: 3429871.2 | P24: 3548578 | Q24: 3146807.4 | R24: 2793370.2 | S24: 2878057.4 | T24: 2962948.8 | U24: 2450350 | V24: 2416062 | W24: 2349601.4 | X24: 2238578.4 | Y24: 2214747.3 | Z24: 1962353.7 | AA24: 1862061.7 | AB24: 1758615.1 | AC24: 1703680.8 | AD24: 1486565 | AE24: 1539623.3 | AF24: 1462720.9 | AG24: 1367299.3 | AH24: 1404917.5 | AI24: 1402921.9 | AJ24: 1158970.1 | AK24: 1038649.9 | AL24: 990481.34 | AM24: 880367.5 | AN24: 812785.88 | AO24: 785801.07 | AP24: 718323.03 | AQ24: 603144.55 | AR24: 623228.23 | AS24: 534443.78 | AT24: 580509.13 | AU24: 554826.52 | AV24: 473050.04 | AW24: 384872.95 | AX24: 371499.67 | AY24: 371998.66 | AZ24: 352835.12 | BA24: 333363.32 | BB24: 163955.16 | BC24: 181674.16 | BD24: 177207.85 | BE24: 147207.62
B25: Avg No. of Modules in HP Layout | C25: Commission Rate | D25: % | F25: =J25 -> 0.10022008 | G25: =K25 -> 0.099917576 | H25: =IFERROR(F25/G25-1,"-") -> 0.0030275023 | J25: 0.10022008 | K25: 0.099917576 | L25: 0.096527707 | M25: 0.088750498 | N25: 0.085471374 | O25: 0.080871953 | P25: 0.080457588 | Q25: 0.076680722 | R25: 0.074731193 | S25: 0.0757372 | T25: 0.072946022 | U25: 0.066549356 | V25: 0.065305397 | W25: 0.065109326 | X25: 0.063671205 | Y25: 0.06446519 | Z25: 0.065065662 | AA25: 0.063130865 | AB25: 0.059777354 | AC25: 0.059032012 | AD25: 0.055280282 | AE25: 0.051374282 | AF25: 0.0497935 | AG25: 0.048884936 | AH25: 0.049422003 | AI25: 0.050188777 | AJ25: 0.045014748 | AK25: 0.039756268 | AL25: 0.040663741 | AM25: 0.040210775 | AN25: 0.038417292 | AO25: 0.037744633 | AP25: 0.037058863 | AQ25: 0.028132792 | AR25: 0.027841114 | AS25: 0.026890988 | AT25: 0.027204535 | AU25: 0.026886904 | AV25: 0.024658441 | AW25: 0.017883957 | AX25: 0.017722255 | AY25: 0.017076585
B26: Avg No. of Modules in HP Layout | C26: Total Rebate | D26: USD | F26: =J26 -> 13024718 | G26: =K26 -> 12941439 | H26: =IFERROR(F26/G26-1,"-") -> 0.0064350112 | J26: 13024718 | K26: 12941439 | L26: 11923649 | M26: 10931228 | N26: 9908767.1 | O26: 9286915 | P26: 9979713.6 | Q26: 7952646.6 | R26: 6702658.2 | S26: 6944103.2 | T26: 6683902.8 | U26: 5771616.4 | V26: 6754483.2 | W26: 6266436.6 | X26: 5596537.3 | Y26: 5728477.4 | Z26: 4871214.9 | AA26: 4711720.1 | AB26: 4514060.1 | AC26: 4232660.4 | AD26: 3903215.9 | AE26: 5015691.9 | AF26: 4209140.7 | AG26: 3549250.3 | AH26: 4016302.6 | AI26: 4688769.8 | AJ26: 4429970 | AK26: 4159082.9 | AL26: 4299486.3 | AM26: 3211356 | AN26: 1984422.2 | AO26: 1647703.5 | AP26: 1212198.9 | AQ26: 1486209.2 | AR26: 1167568.9 | AS26: 830470.26 | AT26: 1190717.1 | AU26: 901639.4 | AV26: 824778.4 | AW26: 1191890.5 | AX26: 1349641.1 | AY26: 1511315.2 | AZ26: 1396829.5 | BA26: 1340933.8 | BB26: 1166693.5 | BC26: 1456107.1 | BD26: 1064694.1 | BE26: 960986.05
C28: Order% by Channel (incl. ads & non-item cards) | D28: UNIT
C29: Total | F29: =J29 -> 1 | G29: =K29 -> 1 | H29: =IFERROR(F29/G29-1,"-") -> 0 | J29: 1 | K29: 1 | L29: 1 | M29: 1 | N29: 1 | O29: 1 | P29: 1 | Q29: 1 | R29: 1 | S29: 1 | T29: 1 | U29: 1 | V29: 1 | W29: 1 | X29: 1 | Y29: 1 | Z29: 1 | AA29: 1 | AB29: 1 | AC29: 1 | AD29: 1 | AE29: 1 | AF29: 1 | AG29: 1 | AH29: 1 | AI29: 1 | AJ29: 1 | AK29: 1 | AL29: 1 | AM29: 1 | AN29: 1 | AO29: 1 | AP29: 1 | AQ29: 1 | AR29: 1 | AS29: 1
B30: Platform DAU | C30: Global Search | D30: % | F30: =J30 -> 0.38558465 | G30: =K30 -> 0.37840437 | H30: =IFERROR(F30/G30-1,"-") -> 0.01897515 | J30: 0.38558465 | K30: 0.37840437 | L30: 0.37442492 | M30: 0.36479967 | N30: 0.36790579 | O30: 0.36843289 | P30: 0.36174085 | Q30: 0.36746825 | R30: 0.36782413 | S30: 0.3610951 | T30: 0.35032084 | U30: 0.3548804 | V30: 0.34695107 | W30: 0.33941082 | X30: 0.33889816 | Y30: 0.32713248 | Z30: 0.32523755 | AA30: 0.31261444 | AB30: 0.31142528 | AC30: 0.31435237 | AD30: 0.32044976 | AE30: 0.30710516 | AF30: 0.30125762 | AG30: 0.3036299 | AH30: 0.29498227 | AI30: 0.28786819 | AJ30: 0.28429336 | AK30: 0.29504553 | AL30: 0.28229908 | AM30: 0.29591666 | AN30: 0.32140819 | AO30: 0.32542129 | AP30: 0.32560492 | AQ30: 0.31429444 | AR30: 0.31302806 | AS30: 0.2940137
B31: Platform DAU | C31: Daily Discover | D31: % | F31: =J31 -> 0.069831402 | G31: =K31 -> 0.073148299 | H31: =IFERROR(F31/G31-1,"-") -> -0.045344826 | J31: 0.069831402 | K31: 0.073148299 | L31: 0.076682251 | M31: 0.075278883 | N31: 0.072679534 | O31: 0.064486387 | P31: 0.064447545 | Q31: 0.061150641 | R31: 0.064188947 | S31: 0.061674391 | T31: 0.05874677 | U31: 0.058766743 | V31: 0.046392116 | W31: 0.047180601 | X31: 0.048420373 | Y31: 0.055940657 | Z31: 0.052753989 | AA31: 0.052772748 | AB31: 0.057172414 | AC31: 0.064596165 | AD31: 0.062080312 | AE31: 0.066978831 | AF31: 0.063314259 | AG31: 0.064746532 | AH31: 0.060964062 | AI31: 0.076659659 | AJ31: 0.077513146 | AK31: 0.070782649 | AL31: 0.078366062 | AM31: 0.05669997 | AN31: 0.037949283 | AO31: 0.036792999 | AP31: 0.038429897 | AQ31: 0.040109924 | AR31: 0.042535482 | AS31: 0.040780003
B32: Platform DAU | C32: You May Also Like | D32: % | F32: =J32 -> 0.15069056 | G32: =K32 -> 0.14188351 | H32: =IFERROR(F32/G32-1,"-") -> 0.062072366 | J32: 0.15069056 | K32: 0.14188351 | L32: 0.152142 | M32: 0.15453807 | N32: 0.15738003 | O32: 0.16046001 | P32: 0.16177824 | Q32: 0.17632418 | R32: 0.17840056 | S32: 0.1837996 | T32: 0.18673995 | U32: 0.19057999 | V32: 0.19234457 | W32: 0.18964405 | X32: 0.19521284 | Y32: 0.18986483 | Z32: 0.18976186 | AA32: 0.18011327 | AB32: 0.18085106 | AC32: 0.18505103 | AD32: 0.18680426 | AE32: 0.19456705 | AF32: 0.20563183 | AG32: 0.21375611 | AH32: 0.21469302 | AI32: 0.20096347 | AJ32: 0.20202609 | AK32: 0.20716014 | AL32: 0.20596798 | AM32: 0.21898271 | AN32: 0.22914283 | AO32: 0.22911133 | AP32: 0.233052 | AQ32: 0.23976612 | AR32: 0.24317981 | AS32: 0.24783854
B33: Platform DAU | C33: Post Purchase | D33: % | F33: =J33 -> 0.046932953 | G33: =K33 -> 0.046901027 | H33: =IFERROR(F33/G33-1,"-") -> 0.00068070783 | J33: 0.046932953 | K33: 0.046901027 | L33: 0.045902498 | M33: 0.048759429 | N33: 0.044425001 | O33: 0.044153236 | P33: 0.048617952 | Q33: 0.049269118 | R33: 0.05068899 | S33: 0.049803777 | T33: 0.04914684 | U33: 0.049956331 | V33: 0.052589662 | W33: 0.052092914 | X33: 0.050728374 | Y33: 0.051075955 | Z33: 0.051475451 | AA33: 0.05590499 | AB33: 0.060313846 | AC33: 0.059149322 | AD33: 0.046801749 | AE33: 0.044838474 | AF33: 0.05785385 | AG33: 0.052790513 | AH33: 0.05086965 | AI33: 0.058659734 | AJ33: 0.054418859 | AK33: 0.046809163 | AL33: 0.064956386 | AM33: 0.058140732 | AN33: 0.048661407 | AO33: 0.049100502 | AP33: 0.045445088 | AQ33: 0.042213486 | AR33: 0.042681065 | AS33: 0.051411111
B34: Platform DAU | C34: Private Domain | D34: % | F34: =J34 -> 0.12462761 | G34: =K34 -> 0.12624037 | H34: =IFERROR(F34/G34-1,"-") -> -0.012775262 | J34: 0.12462761 | K34: 0.12624037 | L34: 0.12426328 | M34: 0.12874076 | N34: 0.13496207 | O34: 0.13779124 | P34: 0.13632911 | Q34: 0.136553 | R34: 0.13457031 | S34: 0.13489728 | T34: 0.13887566 | U34: 0.13315516 | V34: 0.13806866 | W34: 0.14046397 | X34: 0.14114298 | Y34: 0.14054315 | Z34: 0.14355007 | AA34: 0.16858277 | AB34: 0.16329757 | AC34: 0.15470999 | AD34: 0.14406329 | AE34: 0.14839143 | AF34: 0.14949494 | AG34: 0.15072311 | AH34: 0.15096214 | AI34: 0.14639711 | AJ34: 0.14097162 | AK34: 0.13128643 | AL34: 0.13132644 | AM34: 0.14557872 | AN34: 0.15379955 | AO34: 0.15285801 | AP34: 0.15305747 | AQ34: 0.15239949 | AR34: 0.14991346 | AS34: 0.15748074
B35: Platform DAU | C35: Live Streaming | D35: % | F35: =J35 -> 0.021722363 | G35: =K35 -> 0.030290088 | H35: =IFERROR(F35/G35-1,"-") -> -0.28285573 | J35: 0.021722363 | K35: 0.030290088 | L35: 0.0307677 | M35: 0.027508031 | N35: 0.025386929 | O35: 0.029357525 | P35: 0.027384945 | Q35: 0.026735937 | R35: 0.026400358 | S35: 0.029095493 | T35: 0.029628984 | U35: 0.031305606 | V35: 0.034831547 | W35: 0.039274889 | X35: 0.037999842 | Y35: 0.045183295 | Z35: 0.04747537 | AA35: 0.044472323 | AB35: 0.043673416 | AC35: 0.040587027 | AD35: 0.040994585 | AE35: 0.040914229 | AF35: 0.042513184 | AG35: 0.042306598 | AH35: 0.048753194 | AI35: 0.048987279 | AJ35: 0.054332632 | AK35: 0.045051373 | AL35: 0.046923189 | AM35: 0.028392916 | AN35: 0.0026845499 | AO35: 0.003279698 | AP35: 0.0027454673 | AQ35: 0.0028495974 | AR35: 0.0025567515 | AS35: 0.0026646796
B36: Platform DAU | C36: Video | D36: % | F36: =J36 -> 0.080573423 | G36: =K36 -> 0.082047293 | H36: =IFERROR(F36/G36-1,"-") -> -0.017963667 | J36: 0.080573423 | K36: 0.082047293 | L36: 0.079743857 | M36: 0.066563555 | N36: 0.055000277 | O36: 0.04576643 | P36: 0.040278561 | Q36: 0.039004352 | R36: 0.039748659 | S36: 0.036459731 | T36: 0.031503627 | U36: 0.031085148 | V36: 0.029849218 | W36: 0.025432545 | X36: 0.024983263 | Y36: 0.030781804 | Z36: 0.029122109 | AA36: 0.021472379 | AB36: 0.016193345 | AC36: 0.011571038 | AD36: 0.0040794575 | AE36: 0.0023565131 | AF36: 0.0004488226 | AG36: 0.00013690642 | AH36: 6.1201346e-05 | AI36: 6.5492556e-06 | AJ36: 8.1974871e-06 | AK36: 0 | AL36: 0 | AM36: 0 | AN36: 0 | AO36: 0 | AP36: 0 | AQ36: 0 | AR36: 0 | AS36: 0
B37: Platform DAU | C37: Others | D37: % | F37: =J37 -> 0.12003704 | G37: =K37 -> 0.12108504 | H37: =IFERROR(F37/G37-1,"-") -> -0.0086551146 | J37: 0.12003704 | K37: 0.12108504 | L37: 0.11607349 | M37: 0.1338116 | N37: 0.14226037 | O37: 0.14955228 | P37: 0.1594228 | Q37: 0.14349453 | R37: 0.13817805 | S37: 0.14317463 | T37: 0.15503733 | U37: 0.15027063 | V37: 0.15897315 | W37: 0.16650021 | X37: 0.16261417 | Y37: 0.15947783 | Z37: 0.16062361 | AA37: 0.16406707 | AB37: 0.16707308 | AC37: 0.16998306 | AD37: 0.19472659 | AE37: 0.19484832 | AF37: 0.17948549 | AG37: 0.17191033 | AH37: 0.17871445 | AI37: 0.180458 | AJ37: 0.1864361 | AK37: 0.20386471 | AL37: 0.19016086 | AM37: 0.19628829 | AN37: 0.20635419 | AO37: 0.20343617 | AP37: 0.20166516 | AQ37: 0.20836695 | AR37: 0.20610537 | AS37: 0.20581123
C39: Rev% by Channel (incl. ads & non-item cards) | D39: UNIT
C40: Total | D40: % | F40: =J40 -> 1 | G40: =K40 -> 1 | H40: =IFERROR(F40/G40-1,"-") -> 0 | J40: 1 | K40: 1 | L40: 1 | M40: 1 | N40: 1 | O40: 1 | P40: 1 | Q40: 1 | R40: 1 | S40: 1 | T40: 1 | U40: 1 | V40: 1 | W40: 1 | X40: 1 | Y40: 1 | Z40: 1 | AA40: 1 | AB40: 1 | AC40: 1 | AD40: 1 | AE40: 1 | AF40: 1 | AG40: 1 | AH40: 1 | AI40: 1 | AJ40: 1 | AK40: 1 | AL40: 1 | AM40: 1 | AN40: 1 | AO40: 1 | AP40: 1 | AQ40: 1 | AR40: 1 | AS40: 1
B41: Platform DAU | C41: Search | D41: % | F41: =J41 -> 0.49932011 | G41: =K41 -> 0.46895984 | H41: =IFERROR(F41/G41-1,"-") -> 0.064739585 | J41: 0.49932011 | K41: 0.46895984 | L41: 0.48696293 | M41: 0.48261435 | N41: 0.50681789 | O41: 0.50917457 | P41: 0.52592693 | Q41: 0.54137634 | R41: 0.52565687 | S41: 0.52112525 | T41: 0.51596667 | U41: 0.5241397 | V41: 0.53927524 | W41: 0.54777742 | X41: 0.55548643 | Y41: 0.55668262 | Z41: 0.56026315 | AA41: 0.56954607 | AB41: 0.57989985 | AC41: 0.58190708 | AD41: 0.58153772 | AE41: 0.59114223 | AF41: 0.58838375 | AG41: 0.58613008 | AH41: 0.5620902 | AI41: 0.55911529 | AJ41: 0.5618757 | AK41: 0.55346687 | AL41: 0.56033448 | AM41: 0.57957439 | AN41: 0.57759813 | AO41: 0.59760106 | AP41: 0.59615725 | AQ41: 0.58362984 | AR41: 0.57465799 | AS41: 0.57827863
B42: Platform DAU | C42: Daily Discover | D42: % | F42: =J42 -> 0.14976067 | G42: =K42 -> 0.16317918 | H42: =IFERROR(F42/G42-1,"-") -> -0.08223173 | J42: 0.14976067 | K42: 0.16317918 | L42: 0.15222785 | M42: 0.14241274 | N42: 0.15351372 | O42: 0.14829773 | P42: 0.13387772 | Q42: 0.12061333 | R42: 0.12650661 | S42: 0.11758517 | T42: 0.11804074 | U42: 0.12238025 | V42: 0.087623386 | W42: 0.077030708 | X42: 0.073230283 | Y42: 0.079135688 | Z42: 0.084458666 | AA42: 0.088976198 | AB42: 0.085836475 | AC42: 0.085017367 | AD42: 0.082752726 | AE42: 0.085605904 | AF42: 0.092489924 | AG42: 0.093219101 | AH42: 0.10484874 | AI42: 0.10965278 | AJ42: 0.11492334 | AK42: 0.11466636 | AL42: 0.11406559 | AM42: 0.10266546 | AN42: 0.10071687 | AO42: 0.10070289 | AP42: 0.10746108 | AQ42: 0.11549135 | AR42: 0.11678613 | AS42: 0.11305808
B43: Platform DAU | C43: RCMD | D43: % | F43: =J43 -> 0.22606584 | G43: =K43 -> 0.22911634 | H43: =IFERROR(F43/G43-1,"-") -> -0.0133142 | J43: 0.22606584 | K43: 0.22911634 | L43: 0.21996781 | M43: 0.2275786 | N43: 0.21731356 | O43: 0.22343671 | P43: 0.21754587 | Q43: 0.21524753 | R43: 0.20931358 | S43: 0.21040282 | T43: 0.21581619 | U43: 0.20600025 | V43: 0.23388488 | W43: 0.22443599 | X43: 0.22524241 | Y43: 0.22753635 | Z43: 0.2206579 | AA43: 0.21142478 | AB43: 0.20762522 | AC43: 0.2031165 | AD43: 0.21076886 | AE43: 0.20988163 | AF43: 0.20110809 | AG43: 0.20524963 | AH43: 0.21823455 | AI43: 0.22360509 | AJ43: 0.21809253 | AK43: 0.22996508 | AL43: 0.22919345 | AM43: 0.23280306 | AN43: 0.22915789 | AO43: 0.2293724 | AP43: 0.23131286 | AQ43: 0.2397632 | AR43: 0.25160217 | AS43: 0.25613908
B44: Platform DAU | C44: Game | D44: % | F44: =J44 -> 0.029551723 | G44: =K44 -> 0.034832612 | H44: =IFERROR(F44/G44-1,"-") -> -0.1516076 | J44: 0.029551723 | K44: 0.034832612 | L44: 0.029177931 | M44: 0.030247075 | N44: 0.013683982 | O44: 0.013445972 | P44: 0.02220181 | Q44: 0.024023298 | R44: 0.032877808 | S44: 0.04086982 | T44: 0.040598922 | U44: 0.043739073 | V44: 0.040752724 | W44: 0.047964909 | X44: 0.044523444 | Y44: 0.046135152 | Z44: 0.049339146 | AA44: 0.050061221 | AB44: 0.049451769 | AC44: 0.052739105 | AD44: 0.049792496 | AE44: 0.047543893 | AF44: 0.056264319 | AG44: 0.058061715 | AH44: 0.058891844 | AI44: 0.052996143 | AJ44: 0.051204869 | AK44: 0.0485082 | AL44: 0.04449089 | AM44: 0.038398787 | AN44: 0.049630683 | AO44: 0.031953417 | AP44: 0.027173687 | AQ44: 0.024706671 | AR44: 0.02208656 | AS44: 0.018514844
B45: Platform DAU | C45: Brand | D45: % | F45: =J45 -> 0.051554314 | G45: =K45 -> 0.057359913 | H45: =IFERROR(F45/G45-1,"-") -> -0.10121353 | J45: 0.051554314 | K45: 0.057359913 | L45: 0.060512157 | M45: 0.06420112 | N45: 0.065855919 | O45: 0.064174084 | P45: 0.066645445 | Q45: 0.070175116 | R45: 0.072812513 | S45: 0.076072958 | T45: 0.076240293 | U45: 0.074970143 | V45: 0.072818646 | W45: 0.077316999 | X45: 0.080599857 | Y45: 0.078445776 | Z45: 0.074978908 | AA45: 0.071767897 | AB45: 0.069133364 | AC45: 0.069681659 | AD45: 0.067146592 | AE45: 0.062250491 | AF45: 0.060347605 | AG45: 0.056465112 | AH45: 0.0557968 | AI45: 0.053362489 | AJ45: 0.053903139 | AK45: 0.053393419 | AL45: 0.051915591 | AM45: 0.046558302 | AN45: 0.042896424 | AO45: 0.040370244 | AP45: 0.037895118 | AQ45: 0.036408942 | AR45: 0.034867149 | AS45: 0.034009366
B46: Platform DAU | C46: Live Streaming | D46: % | F46: =J46 -> 0.017988389 | G46: =K46 -> 0.021029604 | H46: =IFERROR(F46/G46-1,"-") -> -0.14461589 | J46: 0.017988389 | K46: 0.021029604 | L46: 0.026904575 | M46: 0.030783985 | N46: 0.027671579 | O46: 0.027569212 | P46: 0.023985118 | Q46: 0.023254504 | R46: 0.027923378 | S46: 0.029106449 | T46: 0.028257836 | U46: 0.023292245 | V46: 0.019033938 | W46: 0.017896477 | X46: 0.014710956 | Y46: 0.010245316 | Z46: 0.0097147328 | AA46: 0.0079704737 | AB46: 0.0080533231 | AC46: 0.0075382919 | AD46: 0.0080016082 | AE46: 0.003575859 | AF46: 0.0014063033 | AG46: 0.00087430278 | AH46: 0.00034650669 | AI46: 0 | AJ46: 0 | AK46: 0 | AL46: 0 | AM46: 0 | AN46: 0 | AO46: 0 | AP46: 0 | AQ46: 0 | AR46: 0 | AS46: 0
B47: Platform DAU | C47: Video | D47: % | F47: =J47 -> 0.012738006 | G47: =K47 -> 0.013481434 | H47: =IFERROR(F47/G47-1,"-") -> -0.055144598 | J47: 0.012738006 | K47: 0.013481434 | L47: 0.013676598 | M47: 0.012698449 | N47: 0.011934451 | O47: 0.0099014201 | P47: 0.0070866506 | Q47: 0.0037652974 | R47: 0.0031788002 | S47: 0.0027220225 | T47: 0.00241002 | U47: 0.0026290664 | V47: 0.0033974046 | W47: 0.0032860667 | X47: 0.0028654119 | Y47: 0.0014444257 | Z47: 0.00058748254 | AA47: 0.00030204473 | AB47: 0 | AC47: 0 | AD47: 0 | AE47: 0 | AF47: 0 | AG47: 0 | AH47: 0 | AI47: 0 | AJ47: 0 | AK47: 0 | AL47: 0 | AM47: 0 | AN47: 0 | AO47: 0 | AP47: 0 | AQ47: 0 | AR47: 0 | AS47: 0
B48: Platform DAU | C48: Undefined | D48: % | F48: =J48 -> 0.013020953 | G48: =K48 -> 0.012041081 | H48: =IFERROR(F48/G48-1,"-") -> 0.081377456 | J48: 0.013020953 | K48: 0.012041081 | L48: 0.010570151 | M48: 0.0094636828 | N48: 0.0032089058 | O48: 0.0040003023 | P48: 0.0027304531 | Q48: 0.0015445772 | R48: 0.0017304452 | S48: 0.002115509 | T48: 0.0026693295 | U48: 0.002849273 | V48: 0.0032137804 | W48: 0.0042914297 | X48: 0.0033412084 | Y48: 0.00037467576 | Z48: 2.1132068e-08 | AA48: -4.8681727e-05 | AB48: 4.7938089e-17 | AC48: -1.6471696e-17 | AD48: -8.1212861e-17 | AE48: 2.3283223e-16 | AF48: 1.1253187e-08 | AG48: 5.9041297e-08 | AH48: -0.00020864547 | AI48: 0.0012682148 | AJ48: 4.271903e-07 | AK48: 6.576395e-08 | AL48: 3.6833646e-16 | AM48: 6.65467e-17 | AN48: -1.3350613e-16 | AO48: 1.31434e-16 | AP48: 9.3496725e-18 | AQ48: 9.6934981e-17 | AR48: 1.6104048e-16 | AS48: 1.3767079e-17
C50: Rev% by Seller Type | D50: UNIT
C51: Total | D51: % | F51: =J51 -> 1 | G51: =K51 -> 1 | H51: =IFERROR(F51/G51-1,"-") -> 0 | J51: 1 | K51: 1 | L51: 1 | M51: 1 | N51: 1 | O51: 1 | P51: 1 | Q51: 1 | R51: 1 | S51: 1 | T51: 1 | U51: 1 | V51: 1 | W51: 1 | X51: 1 | Y51: 1 | Z51: 1 | AA51: 1 | AB51: 1 | AC51: 1 | AD51: 1
C52: CB Rev% | D52: % | F52: =J52 -> 0.16098237 | G52: =K52 -> 0.15988637 | H52: =IFERROR(F52/G52-1,"-") -> 0.006854853 | J52: 0.16098237 | K52: 0.15988637 | L52: 0.15800969 | M52: 0.15504186 | N52: 0.15852581 | O52: 0.14811458 | P52: 0.14991413 | Q52: 0.15388603 | R52: 0.1490586 | S52: 0.14467368 | T52: 0.13681281 | U52: 0.15051334 | V52: 0.15550114 | W52: 0.15363553 | X52: 0.16607886 | Y52: 0 | Z52: 0 | AA52: 0 | AB52: 0 | AC52: 0 | AD52: 0
C53: Lovito(1p)% | D53: % | F53: =J53 -> 0.00077995604 | G53: =K53 -> 0.00099556304 | H53: =IFERROR(F53/G53-1,"-") -> -0.2165679 | J53: 0.00077995604 | K53: 0.00099556304 | L53: 0.0013158209 | M53: 0.0013123326 | N53: 0.001724519 | O53: 0.0016434188 | P53: 0.0016621711 | Q53: 0.0018579622 | R53: 0.0017938612 | S53: 0.0025372652 | T53: 0.0045727659 | U53: 0.0060723492 | V53: 0.00386978 | W53: 0.0040386921 | X53: 0.0046555861 | Y53: 0 | Z53: 0 | AA53: 0 | AB53: 0 | AC53: 0 | AD53: 0
C54: SCS(1p)% | D54: % | F54: =J54 -> 0.0041974257 | G54: =K54 -> 0.0043121391 | H54: =IFERROR(F54/G54-1,"-") -> -0.026602439 | J54: 0.0041974257 | K54: 0.0043121391 | L54: 0.0043266903 | M54: 0.0043721758 | N54: 0.004556815 | O54: 0.0060484551 | P54: 0.0069297985 | Q54: 0.0077067087 | R54: 0.0076710697 | S54: 0.010506176 | T54: 0.012181382 | U54: 0.017426776 | V54: 0.020555875 | W54: 0.017175598 | X54: 0.026193741 | Y54: 0 | Z54: 0 | AA54: 0 | AB54: 0 | AC54: 0 | AD54: 0
C55: Others(3p)% | D55: % | F55: =J55 -> 0.14877185 | G55: =K55 -> 0.14123041 | H55: =IFERROR(F55/G55-1,"-") -> 0.053398129 | J55: 0.14877185 | K55: 0.14123041 | L55: 0.14555506 | M55: 0.14255382 | N55: 0.14531721 | O55: 0.13358938 | P55: 0.13293762 | Q55: 0.13678677 | R55: 0.13379688 | S55: 0.1260189 | T55: 0.11492235 | U55: 0.12179149 | V55: 0.1256738 | W55: 0.12671832 | X55: 0.1295642 | Y55: 0 | Z55: 0 | AA55: 0 | AB55: 0 | AC55: 0 | AD55: 0
C56: unknow% | D56: % | F56: =J56 -> 0.0072331353 | G56: =K56 -> 0.007917848 | H56: =IFERROR(F56/G56-1,"-") -> -0.086477121 | J56: 0.0072331353 | K56: 0.007917848 | L56: 0.0068121224 | M56: 0.0068035303 | N56: 0.006927261 | O56: 0.0068333253 | P56: 0.0083845335 | Q56: 0.007534595 | R56: 0.0057967862 | S56: 0.0056113291 | T56: 0.0051363097 | U56: 0.0052227283 | V56: 0.005401682 | W56: 0.0057029162 | X56: 0.0056653327 | Y56: 0 | Z56: 0 | AA56: 0 | AB56: 0 | AC56: 0 | AD56: 0
C57: Local Rev% | D57: % | F57: =J57 -> 0.83901763 | G57: =K57 -> 0.84011363 | H57: =IFERROR(F57/G57-1,"-") -> -0.0013045826 | J57: 0.83901763 | K57: 0.84011363 | L57: 0.84199031 | M57: 0.84495814 | N57: 0.84147419 | O57: 0.85188542 | P57: 0.85008587 | Q57: 0.84611397 | R57: 0.8509414 | S57: 0.85532632 | T57: 0.86318719 | U57: 0.84948666 | V57: 0.84449886 | W57: 0.84636447 | X57: 0.83392114 | Y57: 1 | Z57: 1 | AA57: 1 | AB57: 1 | AC57: 1 | AD57: 1
C60: Total | F60: =F3 -> 45992 | G60: =G3 -> 45962 | H60: MOM | K60: 45474 | L60: 45444 | M60: MOM
C61: CB Rev | F61: =F$14*F52 -> 282367.9 | G61: =G$14*G52 -> 288855.71 | H61: =F61/G61-1 -> -0.022460353 | K61: =K$14*K52 -> 288855.71 | L61: =L$14*L52 -> 261359.68 | M61: =K61/L61-1 -> 0.10520378
C62: Lovito(1p) | F62: =F$14*F53 -> 1368.0663 | G62: =G$14*G53 -> 1798.6152 | H62: =F62/G62-1 -> -0.23937802 | K62: =K$14*K53 -> 1798.6152 | L62: =L$14*L53 -> 2176.4648 | M62: =K62/L62-1 -> -0.17360702
C63: SCS(1p) | F63: =F$14*F54 -> 7362.4105 | G63: =G$14*G54 -> 7790.4449 | H63: =F63/G63-1 -> -0.054943515 | K63: =K$14*K54 -> 7790.4449 | L63: =L$14*L54 -> 7156.6649 | M63: =K63/L63-1 -> 0.088558018
C64: Others(3p) | F64: =F$14*F55 -> 260950.29 | G64: =G$14*G55 -> 255151.27 | H64: =F64/G64-1 -> 0.022727787 | K64: =K$14*K55 -> 255151.27 | L64: =L$14*L55 -> 240758.8 | M64: =K64/L64-1 -> 0.059779627
C65: unknow | F65: =F$14*F56 -> 12687.136 | G65: =G$14*G56 -> 14304.631 | H65: =F65/G65-1 -> -0.11307491 | K65: =K$14*K56 -> 14304.631 | L65: =L$14*L56 -> 11267.753 | M65: =K65/L65-1 -> 0.26951942
C66: Local Rev | F66: =F$14*F57 -> 1471662.1 | G66: =G$14*G57 -> 1517775.5 | H66: =F66/G66-1 -> -0.030382221 | K66: =K$14*K57 -> 1517775.5 | L66: =L$14*L57 -> 1392714.1 | M66: =K66/L66-1 -> 0.089796894

Sheet SG
C1: Region:SG
H2: Updated Date | J2: =ID!J2 -> 46000
C3: S&R&A Monthly Metrics | F3: =J3 -> 45992 | G3: =K3 -> 45962 | H3: MoM % | J3: 45992 | K3: 45962 | L3: 45931 | M3: 45901 | N3: 45870 | O3: 45839 | P3: 45809 | Q3: 45778 | R3: 45748 | S3: 45717 | T3: 45689 | U3: 45658 | V3: 45627 | W3: 45597 | X3: 45566 | Y3: 45536 | Z3: 45505 | AA3: 45474 | AB3: 45444 | AC3: 45413 | AD3: 45383 | AE3: 45352 | AF3: 45323 | AG3: 45292 | AH3: 45261 | AI3: 45231 | AJ3: 45200 | AK3: 45170 | AL3: 45139 | AM3: 45108 | AN3: 45078 | AO3: 45047 | AP3: 45017 | AQ3: 44986 | AR3: 44958 | AS3: 44927 | AT3: 44896 | AU3: 44866 | AV3: 44835 | AW3: 44805 | AX3: 44774 | AY3: 44743 | AZ3: 44713 | BA3: 44682 | BB3: 44652 | BC3: 44621 | BD3: 44593 | BE3: 44562
D5: UNIT
B6: Platform DAU | C6: Platform DAU | D6: # | F6: =J6 -> 1351243.6 | G6: =K6 -> 1448751.9 | H6: =IFERROR(F6/G6-1,"-") -> -0.067305068 | J6: 1351243.6 | K6: 1448751.9 | L6: 1411650.5 | M6: 1367831 | N6: 1403209.2 | O6: 1367349.7 | P6: 1313083.9 | Q6: 1308597.7 | R6: 1272478 | S6: 1294265 | T6: 1275059 | U6: 1274366 | V6: 1288567 | W6: 1296346 | X6: 1243255.1 | Y6: 1234538.8 | Z6: 1211671.7 | AA6: 1204534.1 | AB6: 1159539 | AC6: 1160140.8 | AD6: 1165476.4 | AE6: 1140777.7 | AF6: 1134814.8 | AG6: 1209516.1 | AH6: 1143114.9 | AI6: 1161778 | AJ6: 1090560.5 | AK6: 1079612.2 | AL6: 1060620.8 | AM6: 1055658 | AN6: 1020547.4 | AO6: 1083104.5 | AP6: 1052835 | AQ6: 1079281.8 | AR6: 1079348.9 | AS6: 1059871.5 | AT6: 1087653.7 | AU6: 1106281.2 | AV6: 1039521.8 | AW6: 1013616.6 | AX6: 982522.58 | AY6: 944894.52 | AZ6: 924118.4 | BA6: 923269.61 | BB6: 962609.67 | BC6: 992194.55 | BD6: 982681.57 | BE6: 995955.68
B8: Avg No. of Modules in HP Layout | C8: Buyer | D8: # | F8: =J8 -> 192299.11 | G8: =K8 -> 207394.97 | H8: =IFERROR(F8/G8-1,"-") -> -0.072787955 | J8: 192299.11 | K8: 207394.97 | L8: 198471.81 | M8: 197583.83 | N8: 200955.03 | O8: 193739.55 | P8: 184699.03 | Q8: 181528.48 | R8: 180139.3 | S8: 185569.97 | T8: 179814.43 | U8: 180413 | V8: 187252.87 | W8: 186596.63 | X8: 173800.16 | Y8: 174263.53 | Z8: 167660.1 | AA8: 162616.16 | AB8: 154696.53 | AC8: 152278.68 | AD8: 148937.73 | AE8: 151231.68 | AF8: 136731.52 | AG8: 156608 | AH8: 148425.35 | AI8: 149278.57 | AJ8: 135326.1 | AK8: 132046.37 | AL8: 130776.29 | AM8: 127889.32 | AN8: 120800.17 | AO8: 119860.42 | AP8: 122040.23 | AQ8: 121299.1 | AR8: 121410.71 | AS8: 116269.19 | AT8: 127036.52 | AU8: 131445.33 | AV8: 121303.35 | AW8: 122431.4 | AX8: 127903.48 | AY8: 124467.58
B9: Avg No. of Modules in HP Layout | C9: Buyer% | D9: % | F9: =J9 -> 0.14231269 | G9: =K9 -> 0.14315423 | H9: =IFERROR(F9/G9-1,"-") -> -0.0058785435 | J9: 0.14231269 | K9: 0.14315423 | L9: 0.14059557 | M9: 0.14445048 | N9: 0.14321103 | O9: 0.14168983 | P9: 0.1406605 | Q9: 0.13871985 | R9: 0.14156575 | S9: 0.14337865 | T9: 0.1410244 | U9: 0.14157079 | V9: 0.1453187 | W9: 0.14394046 | X9: 0.13979445 | Y9: 0.14115679 | Z9: 0.1383709 | AA9: 0.13500337 | AB9: 0.1334121 | AC9: 0.13125879 | AD9: 0.12779129 | AE9: 0.13256892 | AF9: 0.12048796 | AG9: 0.12947988 | AH9: 0.1298429 | AI9: 0.12849148 | AJ9: 0.12408857 | AK9: 0.12230907 | AL9: 0.12330165 | AM9: 0.12114654 | AN9: 0.11836801 | AO9: 0.11066377 | AP9: 0.11591582 | AQ9: 0.11238871 | AR9: 0.11248514 | AS9: 0.10970122 | AT9: 0.11679868 | AU9: 0.11881729 | AV9: 0.1166915 | AW9: 0.1207867 | AX9: 0.13017867 | AY9: 0.13172643
B10: Avg No. of Modules in HP Layout | C10: Order | D10: # | F10: =J10 -> 335784.56 | G10: =K10 -> 387735.93 | H10: =IFERROR(F10/G10-1,"-") -> -0.13398649 | J10: 335784.56 | K10: 387735.93 | L10: 355927.71 | M10: 353764.8 | N10: 359118.19 | O10: 347324.42 | P10: 328719.1 | Q10: 319387.77 | R10: 317987.43 | S10: 331697.97 | T10: 316994.07 | U10: 322122.9 | V10: 343577.84 | W10: 353723.5 | X10: 315274.84 | Y10: 314916.47 | Z10: 297888.03 | AA10: 289507.55 | AB10: 275439.53 | AC10: 268868.52 | AD10: 262208.3 | AE10: 270932 | AF10: 237775.93 | AG10: 278424.97 | AH10: 278211.42 | AI10: 287715.3 | AJ10: 242809.77 | AK10: 237789.57 | AL10: 230445.39 | AM10: 228000.9 | AN10: 216633.53 | AO10: 211729.81 | AP10: 218350.9 | AQ10: 218069.39 | AR10: 214584 | AS10: 204615.48 | AT10: 243796.55 | AU10: 263289 | AV10: 225843.32 | AW10: 236353.5 | AX10: 247503.61 | AY10: 246494.77
C11: Order/U | D11: # | F11: =J11 -> 0.24850039 | G11: =K11 -> 0.26763446 | H11: =IFERROR(F11/G11-1,"-") -> -0.071493286 | J11: 0.24850039 | K11: 0.26763446 | L11: 0.25213587 | M11: 0.25863196 | N11: 0.25592633 | O11: 0.25401287 | P11: 0.25034128 | Q11: 0.24406872 | R11: 0.24989621 | S11: 0.25628288 | T11: 0.2486113 | U11: 0.25277111 | V11: 0.26663561 | W11: 0.27286195 | X11: 0.25358821 | Y11: 0.25508836 | Z11: 0.2458488 | AA11: 0.24034816 | AB11: 0.23754227 | AC11: 0.23175507 | AD11: 0.2249795 | AE11: 0.23749762 | AF11: 0.20952841 | AG11: 0.23019534 | AH11: 0.24338011 | AI11: 0.24765085 | AJ11: 0.22264677 | AK11: 0.22025461 | AL11: 0.21727406 | AM11: 0.21597989 | AN11: 0.21227189 | AO11: 0.1954842 | AP11: 0.20739328 | AQ11: 0.20205046 | AR11: 0.19880875 | AS11: 0.19305689 | AT11: 0.22414905 | AU11: 0.23799464 | AV11: 0.21725694 | AW11: 0.23317841 | AX11: 0.25190628 | AY11: 0.26087015
B12: HP UV | C12: GMV | D12: # | F12: =J12 -> 7583173.9 | G12: =K12 -> 10896558 | H12: =IFERROR(F12/G12-1,"-") -> -0.30407624 | J12: 7583173.9 | K12: 10896558 | L12: 8705776.2 | M12: 9131291.1 | N12: 8669120.1 | O12: 8416854.1 | P12: 8176489 | Q12: 7662303.3 | R12: 7536678.5 | S12: 8032444.4 | T12: 7358490.3 | U12: 7367429.8 | V12: 8417969 | W12: 9473154.6 | X12: 7630598.5 | Y12: 7725376.9 | Z12: 6978729.2 | AA12: 6726937.9 | AB12: 6477143.8 | AC12: 6252698.9 | AD12: 6210036 | AE12: 6604896.9 | AF12: 5623625.6 | AG12: 6458540.4 | AH12: 6718760.8 | AI12: 7603528.7 | AJ12: 5563897.9 | AK12: 5639817.8 | AL12: 5431326.6 | AM12: 5307641.1 | AN12: 5175472.9 | AO12: 5153054.5 | AP12: 5169302.8 | AQ12: 5345952.5 | AR12: 5250876.9 | AS12: 4795058.3 | AT12: 5774112.3 | AU12: 6563524.6 | AV12: 4828522.8 | AW12: 4998466.9 | AX12: 5010414.2 | AY12: 4957628.2
B14: Avg No. of Modules in HP Layout | C14: Ads Gross Rev | D14: # | F14: =J14 -> 431053.96 | G14: =K14 -> 501978.32 | H14: =IFERROR(F14/G14-1,"-") -> -0.14128969 | J14: 431053.96 | K14: 501978.32 | L14: 428948.9 | M14: 433659.75 | N14: 418197.77 | O14: 414189.52 | P14: 393834.87 | Q14: 352098.94 | R14: 312032.04 | S14: 321049.39 | T14: 297989.5 | U14: 296302.98 | V14: 368944.21 | W14: 376779.36 | X14: 320133.9 | Y14: 310317.46 | Z14: 280971.95 | AA14: 257659.61 | AB14: 243819.32 | AC14: 223538.96 | AD14: 217078.26 | AE14: 214190.66 | AF14: 180914.39 | AG14: 205007.37 | AH14: 224233.62 | AI14: 238953.62 | AJ14: 193070.84 | AK14: 194949.44 | AL14: 183163.46 | AM14: 168369.96 | AN14: 162361.95 | AO14: 154218.78 | AP14: 161301.05 | AQ14: 154171.67 | AR14: 151346.33 | AS14: 141028.02
B15: Avg No. of Modules in HP Layout | C15: Gross Take Rate | D15: % | F15: =J15 -> 0.056843476 | G15: =K15 -> 0.046067602 | H15: =IFERROR(F15/G15-1,"-") -> 0.23391435 | J15: 0.056843476 | K15: 0.046067602 | L15: 0.049271758 | M15: 0.047491613 | N15: 0.048239933 | O15: 0.049209541 | P15: 0.048166746 | Q15: 0.045952102 | R15: 0.041401798 | S15: 0.039969077 | T15: 0.040496011 | U15: 0.040217958 | V15: 0.043828174 | W15: 0.039773378 | X15: 0.041953969 | Y15: 0.040168585 | Z15: 0.040261191 | AA15: 0.03830266 | AB15: 0.03764303 | AC15: 0.035750795 | AD15: 0.034956039 | AE15: 0.032429069 | AF15: 0.032170418 | AG15: 0.031742059 | AH15: 0.033374253 | AI15: 0.031426674 | AJ15: 0.034700644 | AK15: 0.03456662 | AL15: 0.033723522 | AM15: 0.031722181 | AN15: 0.031371424 | AO15: 0.029927644 | AP15: 0.031203638 | AQ15: 0.028838953 | AR15: 0.028823059 | AS15: 0.029411117
B16: HP UV | C16: Ads Direct ROI | D16: # | F16: =J16 -> 4.7871708 | G16: =K16 -> 6.1005005 | H16: =IFERROR(F16/G16-1,"-") -> -0.21528229 | J16: 4.7871708 | K16: 6.1005005 | L16: 5.106913 | M16: 4.9664692 | N16: 5.1363274 | O16: 4.8108226 | P16: 5.0042554 | Q16: 5.0232391 | R16: 5.4156984 | S16: 5.6026629 | T16: 5.5056924 | U16: 5.4840456 | V16: 5.3715661 | W16: 6.1107722 | X16: 5.5663881 | Y16: 5.9232935 | Z16: 5.8753996 | AA16: 5.9730793 | AB16: 5.973469 | AC16: 5.9740056 | AD16: 5.9542669 | AE16: 6.5332617 | AF16: 6.1466293 | AG16: 6.1820488 | AH16: 5.9307964 | AI16: 6.4392093 | AJ16: 5.4624063 | AK16: 5.5566222 | AL16: 5.8927866 | AM16: 6.0898458 | AN16: 6.0952871 | AO16: 6.2320229 | AP16: 5.9907664 | AQ16: 5.9987175 | AR16: 5.957195 | AS16: 5.8825807
B18: Avg No. of Modules in HP Layout | C18: Ads Net Rev | D18: # | F18: =J18 -> 402454.08 | G18: =K18 -> 469279.72 | H18: =IFERROR(F18/G18-1,"-") -> -0.14240043 | J18: 402454.08 | K18: 469279.72 | L18: 398371.54 | M18: 401147.56 | N18: 387911.69 | O18: 385727.71 | P18: 367182.23 | Q18: 326873.64 | R18: 294845.05 | S18: 304358.02 | T18: 281887.61 | U18: 280558.24 | V18: 329955.56 | W18: 333463.13 | X18: 284889.47 | Y18: 275356.82 | Z18: 260065.77 | AA18: 246755.15 | AB18: 234515.58 | AC18: 216728.9 | AD18: 207926.52
C19: Net Take Rate | D19: % | F19: =J19 -> 0.053071984 | G19: =K19 -> 0.043066783 | H19: =IFERROR(F19/G19-1,"-") -> 0.23231828 | J19: 0.053071984 | K19: 0.043066783 | L19: 0.045759451 | M19: 0.043931088 | N19: 0.044746374 | O19: 0.045828015 | P19: 0.044907078 | Q19: 0.042659971 | R19: 0.039121351 | S19: 0.037891083 | T19: 0.038307805 | U19: 0.038080884 | V19: 0.039196576 | W19: 0.035200853 | X19: 0.037335141 | Y19: 0.035643157 | Z19: 0.037265491 | AA19: 0.036681646 | AB19: 0.036206635 | AC19: 0.034661656 | AD19: 0.033482338
B21: Avg No. of Modules in HP Layout | C21: Ads Net Rev (excl 1p/sip) | D21: # | F21: =J21 -> 358253.54 | G21: =K21 -> 423473.55 | H21: =IFERROR(F21/G21-1,"-") -> -0.154012 | J21: 358253.54 | K21: 423473.55 | L21: 351271.59 | M21: 354391.23 | N21: 338354.92 | O21: 341708.21 | P21: 318892.74 | Q21: 286741 | R21: 272328.42 | S21: 276183.73 | T21: 257036.28 | U21: 261529.97 | V21: 308446.83 | W21: 312132.06 | X21: 252472.36 | Y21: 246015.42 | Z21: 223815.84 | AA21: 218543.17 | AB21: 209817.48 | AC21: 195156.16 | AD21: 186501.22
C22: Net Take Rate (excl 1p/sip) | D22: % | F22: =J22 -> 0.047243219 | G22: =K22 -> 0.038863055 | H22: =IFERROR(F22/G22-1,"-") -> 0.21563317 | J22: 0.047243219 | K22: 0.038863055 | L22: 0.040349255 | M22: 0.038810638 | N22: 0.039029903 | O22: 0.040598091 | P22: 0.039001182 | Q22: 0.037422298 | R22: 0.036133745 | S22: 0.034383522 | T22: 0.034930573 | U22: 0.035498129 | V22: 0.036641478 | W22: 0.032949115 | X22: 0.033086835 | Y22: 0.031845103 | Z22: 0.032071145 | AA22: 0.032487763 | AB22: 0.032393518 | AC22: 0.031211508 | AD22: 0.030032229
B24: Avg No. of Modules in HP Layout | C24: Commission Fee | D24: USD | F24: =J24 -> 631161.04 | G24: =K24 -> 976227 | H24: =IFERROR(F24/G24-1,"-") -> -0.35346898 | J24: 631161.04 | K24: 976227 | L24: 755451.78 | M24: 794922.76 | N24: 757668.02 | O24: 734794.06 | P24: 708937.33 | Q24: 660846.91 | R24: 621641.56 | S24: 621829.97 | T24: 535913.33 | U24: 535647.29 | V24: 596819.48 | W24: 678925.73 | X24: 535722 | Y24: 527192.12 | Z24: 368400.43 | AA24: 274264 | AB24: 267157.03 | AC24: 254749.43 | AD24: 250517.51 | AE24: 239433.3 | AF24: 200640.71 | AG24: 226372.17 | AH24: 221384.74 | AI24: 255847.05 | AJ24: 182833.43 | AK24: 183958.45 | AL24: 178028.65 | AM24: 171762.77 | AN24: 167671.8 | AO24: 161569.9 | AP24: 163910.81 | AQ24: 168055.83 | AR24: 162911.39 | AS24: 151145.63 | AT24: 186655.97 | AU24: 214336.97 | AV24: 152667.44 | AW24: 159342.1 | AX24: 162878.84 | AY24: 155046.33 | AZ24: 147795.34 | BA24: 135513.88 | BB24: 94014.64 | BC24: 105631.06 | BD24: 94141.508 | BE24: 102526.08
B25: Avg No. of Modules in HP Layout | C25: Commission Rate | D25: % | F25: =J25 -> 0.083231777 | G25: =K25 -> 0.089590398 | H25: =IFERROR(F25/G25-1,"-") -> -0.070974357 | J25: 0.083231777 | K25: 0.089590398 | L25: 0.086775924 | M25: 0.087054804 | N25: 0.087398492 | O25: 0.08730032 | P25: 0.086704371 | Q25: 0.086246509 | R25: 0.082482165 | S25: 0.077414787 | T25: 0.07282925 | U25: 0.07270477 | V25: 0.070898275 | W25: 0.07166839 | X25: 0.070207075 | Y25: 0.068241606 | Z25: 0.052789042 | AA25: 0.040771002 | AB25: 0.041246117 | AC25: 0.040742315 | AD25: 0.04034075 | AE25: 0.036250876 | AF25: 0.035678177 | AG25: 0.03505005 | AH25: 0.032950234 | AI25: 0.033648462 | AJ25: 0.032860673 | AK25: 0.0326178 | AL25: 0.032778115 | AM25: 0.032361414 | AN25: 0.032397388 | AO25: 0.031354201 | AP25: 0.031708495 | AQ25: 0.031436088 | AR25: 0.031025558 | AS25: 0.031521125 | AT25: 0.032326349 | AU25: 0.032655773 | AV25: 0.031617836 | AW25: 0.031878194 | AX25: 0.032508058 | AY25: 0.031274296
B26: Avg No. of Modules in HP Layout | C26: Total Rebate | D26: USD | F26: =J26 -> 447388.8 | G26: =K26 -> 1397390.3 | H26: =IFERROR(F26/G26-1,"-") -> -0.67983977 | J26: 447388.8 | K26: 1397390.3 | L26: 948836.83 | M26: 993638.83 | N26: 897233.98 | O26: 837279.27 | P26: 786401.26 | Q26: 691557.83 | R26: 588663.95 | S26: 593957.96 | T26: 477108.89 | U26: 474709.47 | V26: 628101.56 | W26: 756029.7 | X26: 523224.09 | Y26: 527587.87 | Z26: 436655.32 | AA26: 389277.31 | AB26: 381589.55 | AC26: 344319.11 | AD26: 318222.51 | AE26: 337555.03 | AF26: 271424.43 | AG26: 355966.57 | AH26: 379022.67 | AI26: 461628.75 | AJ26: 277280.93 | AK26: 270088.65 | AL26: 245082.85 | AM26: 221399.91 | AN26: 201324.62 | AO26: 180326.02 | AP26: 192209.07 | AQ26: 231837.06 | AR26: 179421.49 | AS26: 151428.18 | AT26: 222389.71 | AU26: 322616.65 | AV26: 213864.09 | AW26: 246873.59 | AX26: 265583.93 | AY26: 271497.43 | AZ26: 292243.96 | BA26: 250454.42 | BB26: 260272.09 | BC26: 294325.5 | BD26: 275463.39 | BE26: 333949.19
C28: Order% by Channel (incl. ads & non-item cards) | D28: UNIT
C29: Total | F29: =J29 -> 1 | G29: =K29 -> 1 | H29: =IFERROR(F29/G29-1,"-") -> 0 | J29: 1 | K29: 1 | L29: 1 | M29: 1 | N29: 1 | O29: 1 | P29: 1 | Q29: 1 | R29: 1 | S29: 1 | T29: 1 | U29: 1 | V29: 1 | W29: 1 | X29: 1 | Y29: 1 | Z29: 1 | AA29: 1 | AB29: 1 | AC29: 1 | AD29: 1 | AE29: 1 | AF29: 1 | AG29: 1 | AH29: 1 | AI29: 1 | AJ29: 1 | AK29: 1 | AL29: 1 | AM29: 1 | AN29: 1 | AO29: 1 | AP29: 1 | AQ29: 1 | AR29: 1 | AS29: 1
B30: Platform DAU | C30: Global Search | D30: % | F30: =J30 -> 0.45221736 | G30: =K30 -> 0.41969384 | H30: =IFERROR(F30/G30-1,"-") -> 0.077493443 | J30: 0.45221736 | K30: 0.41969384 | L30: 0.42346202 | M30: 0.40190447 | N30: 0.41340338 | O30: 0.41820054 | P30: 0.42189512 | Q30: 0.44684346 | R30: 0.44348819 | S30: 0.44597204 | T30: 0.44144182 | U30: 0.44270505 | V30: 0.43549686 | W30: 0.41969331 | X30: 0.42411034 | Y30: 0.4224129 | Z30: 0.41580808 | AA30: 0.42411604 | AB30: 0.42175139 | AC30: 0.422687 | AD30: 0.42420224 | AE30: 0.41513809 | AF30: 0.41281708 | AG30: 0.40438053 | AH30: 0.40101123 | AI30: 0.39451423 | AJ30: 0.40391263 | AK30: 0.39909943 | AL30: 0.39781646 | AM30: 0.40279722 | AN30: 0.39937261 | AO30: 0.40329991 | AP30: 0.40044625 | AQ30: 0.39420495 | AR30: 0.39517115 | AS30: 0.3969972
B31: Platform DAU | C31: Daily Discover | D31: % | F31: =J31 -> 0.065531459 | G31: =K31 -> 0.077111581 | H31: =IFERROR(F31/G31-1,"-") -> -0.15017358 | J31: 0.065531459 | K31: 0.077111581 | L31: 0.079671237 | M31: 0.069822005 | N31: 0.073017811 | O31: 0.071409273 | P31: 0.056672981 | Q31: 0.041334428 | R31: 0.0483109 | S31: 0.049408225 | T31: 0.053921992 | U31: 0.058224888 | V31: 0.046713552 | W31: 0.042363952 | X31: 0.040258487 | Y31: 0.041195147 | Z31: 0.040890235 | AA31: 0.040588549 | AB31: 0.039879097 | AC31: 0.038889857 | AD31: 0.039132633 | AE31: 0.037066675 | AF31: 0.035089976 | AG31: 0.03488373 | AH31: 0.037677658 | AI31: 0.041740109 | AJ31: 0.037775888 | AK31: 0.038747991 | AL31: 0.037992068 | AM31: 0.036804467 | AN31: 0.036099828 | AO31: 0.035104845 | AP31: 0.034798727 | AQ31: 0.034991526 | AR31: 0.033992355 | AS31: 0.034670854
B32: Platform DAU | C32: You May Also Like | D32: % | F32: =J32 -> 0.10123326 | G32: =K32 -> 0.092333572 | H32: =IFERROR(F32/G32-1,"-") -> 0.096386318 | J32: 0.10123326 | K32: 0.092333572 | L32: 0.094474933 | M32: 0.094268634 | N32: 0.10851263 | O32: 0.10736765 | P32: 0.10421749 | Q32: 0.10718663 | R32: 0.10695661 | S32: 0.10958462 | T32: 0.11163428 | U32: 0.11380918 | V32: 0.11188396 | W32: 0.10911432 | X32: 0.11295482 | Y32: 0.11480521 | Z32: 0.11993694 | AA32: 0.10858424 | AB32: 0.10695234 | AC32: 0.11205357 | AD32: 0.1186436 | AE32: 0.12960543 | AF32: 0.13955605 | AG32: 0.15416438 | AH32: 0.1471981 | AI32: 0.13451632 | AJ32: 0.13577933 | AK32: 0.1390706 | AL32: 0.13575283 | AM32: 0.137737 | AN32: 0.13732638 | AO32: 0.13712684 | AP32: 0.14470439 | AQ32: 0.14662365 | AR32: 0.14612545 | AS32: 0.15083272
B33: Platform DAU | C33: Post Purchase | D33: % | F33: =J33 -> 0.041041541 | G33: =K33 -> 0.040977461 | H33: =IFERROR(F33/G33-1,"-") -> 0.0015637875 | J33: 0.041041541 | K33: 0.040977461 | L33: 0.042088574 | M33: 0.040547107 | N33: 0.039659236 | O33: 0.039708432 | P33: 0.040158758 | Q33: 0.042166666 | R33: 0.042024687 | S33: 0.041606614 | T33: 0.041140528 | U33: 0.040834822 | V33: 0.041618862 | W33: 0.042621121 | X33: 0.044981875 | Y33: 0.044075706 | Z33: 0.044588756 | AA33: 0.049024447 | AB33: 0.050435813 | AC33: 0.050996506 | AD33: 0.051792545 | AE33: 0.052820539 | AF33: 0.053230207 | AG33: 0.049835424 | AH33: 0.047956219 | AI33: 0.048865788 | AJ33: 0.049118366 | AK33: 0.048601102 | AL33: 0.052665896 | AM33: 0.052785869 | AN33: 0.052150129 | AO33: 0.052485182 | AP33: 0.051732632 | AQ33: 0.050662034 | AR33: 0.051121514 | AS33: 0.047488286
B34: Platform DAU | C34: Private Domain | D34: % | F34: =J34 -> 0.077065975 | G34: =K34 -> 0.081126178 | H34: =IFERROR(F34/G34-1,"-") -> -0.050048 | J34: 0.077065975 | K34: 0.081126178 | L34: 0.079517527 | M34: 0.077994783 | N34: 0.087422031 | O34: 0.086317001 | P34: 0.08425817 | Q34: 0.08690438 | R34: 0.087744181 | S34: 0.083451202 | T34: 0.082470671 | U34: 0.083671218 | V34: 0.084764356 | W34: 0.083746439 | X34: 0.086295257 | Y34: 0.080078671 | Z34: 0.08246616 | AA34: 0.083138548 | AB34: 0.085829952 | AC34: 0.091710014 | AD34: 0.089807746 | AE34: 0.08592812 | AF34: 0.086803832 | AG34: 0.088344383 | AH34: 0.084593824 | AI34: 0.090942457 | AJ34: 0.094434207 | AK34: 0.085099905 | AL34: 0.089136787 | AM34: 0.085462451 | AN34: 0.080478769 | AO34: 0.091620879 | AP34: 0.090229992 | AQ34: 0.084468084 | AR34: 0.086618442 | AS34: 0.091377848
B35: Platform DAU | C35: Live Streaming | D35: % | F35: =J35 -> 0.010941212 | G35: =K35 -> 0.014828767 | H35: =IFERROR(F35/G35-1,"-") -> -0.26216303 | J35: 0.010941212 | K35: 0.014828767 | L35: 0.014549838 | M35: 0.01373845 | N35: 0.010818009 | O35: 0.0092727495 | P35: 0.010597106 | Q35: 0.010213493 | R35: 0.010406823 | S35: 0.010922411 | T35: 0.010546516 | U35: 0.0095741446 | V35: 0.010730744 | W35: 0.018270799 | X35: 0.019764822 | Y35: 0.018136598 | Z35: 0.020090307 | AA35: 0.015318753 | AB35: 0.015345552 | AC35: 0.01346407 | AD35: 0.011239285 | AE35: 0.0084608779 | AF35: 0.0062321786 | AG35: 0.0067216726 | AH35: 0.006917807 | AI35: 0.0050956629 | AJ35: 0.0074881399 | AK35: 0.0070186717 | AL35: 0.005722299 | AM35: 0.0030507802 | AN35: 0.0010597005 | AO35: 0.00075948897 | AP35: 0.00084994468 | AQ35: 0.0010092647 | AR35: 0.00091767496 | AS35: 0.00080810407
B36: Platform DAU | C36: Video | D36: % | F36: =J36 -> 0.026394579 | G36: =K36 -> 0.022088964 | H36: =IFERROR(F36/G36-1,"-") -> 0.19492152 | J36: 0.026394579 | K36: 0.022088964 | L36: 0.015524395 | M36: 0.010410995 | N36: 0.0048867115 | O36: 0.0035114595 | P36: 0.0020143872 | Q36: 0.0018901083 | R36: 0.001347435 | S36: 0.00078763973 | T36: 6.9176691e-05 | U36: 7.8991178e-05 | V36: 0 | W36: 0 | X36: 0 | Y36: 0 | Z36: 0 | AA36: 0 | AB36: 0 | AC36: 0 | AD36: 0 | AE36: 0 | AF36: 0 | AG36: 0 | AH36: 0 | AI36: 0 | AJ36: 0 | AK36: 0 | AL36: 0 | AM36: 0 | AN36: 0 | AO36: 0 | AP36: 0 | AQ36: 0 | AR36: 0 | AS36: 0
B37: Platform DAU | C37: Others | D37: % | F37: =J37 -> 0.22557461 | G37: =K37 -> 0.25183964 | H37: =IFERROR(F37/G37-1,"-") -> -0.10429267 | J37: 0.22557461 | K37: 0.25183964 | L37: 0.25071148 | M37: 0.29131356 | N37: 0.2622802 | O37: 0.2642129 | P37: 0.28018599 | Q37: 0.26346084 | R37: 0.25972118 | S37: 0.25826725 | T37: 0.25877502 | U37: 0.2511017 | V37: 0.26879167 | W37: 0.28419006 | X37: 0.2716344 | Y37: 0.27929577 | Z37: 0.27621952 | AA37: 0.27922942 | AB37: 0.27980585 | AC37: 0.27019898 | AD37: 0.26518195 | AE37: 0.27098027 | AF37: 0.26627068 | AG37: 0.26166988 | AH37: 0.27464516 | AI37: 0.28432543 | AJ37: 0.27149144 | AK37: 0.2823623 | AL37: 0.28091366 | AM37: 0.28136221 | AN37: 0.29351258 | AO37: 0.27960285 | AP37: 0.27723806 | AQ37: 0.28804049 | AR37: 0.28605341 | AS37: 0.27782499
C39: Rev% by Channel (incl. ads & non-item cards) | D39: UNIT
C40: Total | D40: % | F40: =J40 -> 1 | G40: =K40 -> 1 | H40: =IFERROR(F40/G40-1,"-") -> 0 | J40: 1 | K40: 1 | L40: 1 | M40: 1 | N40: 1 | O40: 1 | P40: 1 | Q40: 1 | R40: 1 | S40: 1 | T40: 1 | U40: 1 | V40: 1 | W40: 1 | X40: 1 | Y40: 1 | Z40: 1 | AA40: 1 | AB40: 1 | AC40: 1 | AD40: 1 | AE40: 1 | AF40: 1 | AG40: 1 | AH40: 1 | AI40: 1 | AJ40: 1 | AK40: 1 | AL40: 1 | AM40: 1 | AN40: 1 | AO40: 1 | AP40: 1 | AQ40: 1 | AR40: 1 | AS40: 1
B41: Platform DAU | C41: Search | D41: % | F41: =J41 -> 0.54665876 | G41: =K41 -> 0.47643008 | H41: =IFERROR(F41/G41-1,"-") -> 0.14740606 | J41: 0.54665876 | K41: 0.47643008 | L41: 0.5134342 | M41: 0.51786249 | N41: 0.55141547 | O41: 0.60060154 | P41: 0.60911745 | Q41: 0.61245069 | R41: 0.59299929 | S41: 0.56713276 | T41: 0.57410786 | U41: 0.54700199 | V41: 0.55846398 | W41: 0.54122513 | X41: 0.58415065 | Y41: 0.59060316 | Z41: 0.58080372 | AA41: 0.59498688 | AB41: 0.60536634 | AC41: 0.6067132 | AD41: 0.61607295 | AE41: 0.63811452 | AF41: 0.62525981 | AG41: 0.62295339 | AH41: 0.62249565 | AI41: 0.63075149 | AJ41: 0.63137982 | AK41: 0.62713411 | AL41: 0.64747602 | AM41: 0.66198302 | AN41: 0.68584341 | AO41: 0.70098703 | AP41: 0.69495159 | AQ41: 0.67695586 | AR41: 0.6764697 | AS41: 0.68888059
B42: Platform DAU | C42: Daily Discover | D42: % | F42: =J42 -> 0.16140664 | G42: =K42 -> 0.19238316 | H42: =IFERROR(F42/G42-1,"-") -> -0.16101473 | J42: 0.16140664 | K42: 0.19238316 | L42: 0.17311288 | M42: 0.15444602 | N42: 0.14318082 | O42: 0.12229381 | P42: 0.099863439 | Q42: 0.087195027 | R42: 0.10741673 | S42: 0.1368879 | T42: 0.11818138 | U42: 0.12141889 | V42: 0.11394662 | W42: 0.10167036 | X42: 0.075800812 | Y42: 0.074335248 | Z42: 0.073915608 | AA42: 0.073557616 | AB42: 0.074827997 | AC42: 0.075315772 | AD42: 0.074035591 | AE42: 0.06700319 | AF42: 0.073011963 | AG42: 0.070891051 | AH42: 0.079540657 | AI42: 0.087003304 | AJ42: 0.078248119 | AK42: 0.077946064 | AL42: 0.077169412 | AM42: 0.083246174 | AN42: 0.081434673 | AO42: 0.080130318 | AP42: 0.07920569 | AQ42: 0.090494221 | AR42: 0.088985258 | AS42: 0.089977191
B43: Platform DAU | C43: RCMD | D43: % | F43: =J43 -> 0.12772864 | G43: =K43 -> 0.14699261 | H43: =IFERROR(F43/G43-1,"-") -> -0.13105404 | J43: 0.12772864 | K43: 0.14699261 | L43: 0.13432854 | M43: 0.14779582 | N43: 0.1774648 | O43: 0.15535394 | P43: 0.15092833 | Q43: 0.16517096 | R43: 0.14958012 | S43: 0.1474259 | T43: 0.15728416 | U43: 0.17485449 | V43: 0.18146165 | W43: 0.19065861 | X43: 0.17571895 | Y43: 0.1753205 | Z43: 0.1886739 | AA43: 0.1602069 | AB43: 0.16237032 | AC43: 0.16703905 | AD43: 0.16665646 | AE43: 0.14870262 | AF43: 0.1495604 | AG43: 0.15826775 | AH43: 0.1662697 | AI43: 0.15436525 | AJ43: 0.14881732 | AK43: 0.1532588 | AL43: 0.1432455 | AM43: 0.16007065 | AN43: 0.14281844 | AO43: 0.13846521 | AP43: 0.15275198 | AQ43: 0.1606968 | AR43: 0.1597942 | AS43: 0.15547354
B44: Platform DAU | C44: Game | D44: % | F44: =J44 -> 0.06791169 | G44: =K44 -> 0.077049767 | H44: =IFERROR(F44/G44-1,"-") -> -0.11859967 | J44: 0.06791169 | K44: 0.077049767 | L44: 0.084044076 | M44: 0.083754108 | N44: 0.040186324 | O44: 0.033979451 | P44: 0.049359126 | Q44: 0.047307843 | R44: 0.057354393 | S44: 0.059147885 | T44: 0.063902194 | U44: 0.067069429 | V44: 0.062613134 | W44: 0.079291854 | X44: 0.084709263 | Y44: 0.079234391 | Z44: 0.076931724 | AA44: 0.092918059 | AB44: 0.083835765 | AC44: 0.081590647 | AD44: 0.078225328 | AE44: 0.081519935 | AF44: 0.091614853 | AG44: 0.089515727 | AH44: 0.075364822 | AI44: 0.067943893 | AJ44: 0.086645299 | AK44: 0.088379432 | AL44: 0.08432972 | AM44: 0.048545109 | AN44: 0.046553434 | AO44: 0.038876011 | AP44: 0.036016057 | AQ44: 0.034384491 | AR44: 0.040554056 | AS44: 0.032632535
B45: Platform DAU | C45: Brand | D45: % | F45: =J45 -> 0.078859026 | G45: =K45 -> 0.089269929 | H45: =IFERROR(F45/G45-1,"-") -> -0.11662273 | J45: 0.078859026 | K45: 0.089269929 | L45: 0.083042977 | M45: 0.083378486 | N45: 0.078935777 | O45: 0.076543529 | P45: 0.083105834 | Q45: 0.082458694 | R45: 0.08697544 | S45: 0.083669516 | T45: 0.080991335 | U45: 0.083716427 | V45: 0.077400558 | W45: 0.08022264 | X45: 0.073571319 | Y45: 0.077021872 | Z45: 0.077294872 | AA45: 0.076085739 | AB45: 0.072412375 | AC45: 0.068724812 | AD45: 0.06484958 | AE45: 0.062021295 | AF45: 0.060552974 | AG45: 0.058372052 | AH45: 0.056326156 | AI45: 0.059088846 | AJ45: 0.054909352 | AK45: 0.053281599 | AL45: 0.047779347 | AM45: 0.046155055 | AN45: 0.04335004 | AO45: 0.041541428 | AP45: 0.037074685 | AQ45: 0.037468631 | AR45: 0.034196787 | AS45: 0.033036143
B46: Platform DAU | C46: Live Streaming | D46: % | F46: =J46 -> 0.0048532339 | G46: =K46 -> 0.0051626208 | H46: =IFERROR(F46/G46-1,"-") -> -0.059928277 | J46: 0.0048532339 | K46: 0.0051626208 | L46: 0.0049742428 | M46: 0.006536329 | N46: 0.0049094938 | O46: 0.0033858841 | P46: 0.0032641096 | Q46: 0.0041477447 | R46: 0.0045612522 | S46: 0.0040023801 | T46: 0.0031880709 | U46: 0.0031208928 | V46: 0.0027274246 | W46: 0.0027697453 | X46: 0.0032991298 | Y46: 0.0030820987 | Z46: 0.002380157 | AA46: 0.0022447845 | AB46: 0.0011871984 | AC46: 0.0006165145 | AD46: 0.00016009818 | AE46: 0 | AF46: 0 | AG46: 0 | AH46: 0 | AI46: 0 | AJ46: 0 | AK46: 0 | AL46: 0 | AM46: 0 | AN46: 0 | AO46: 0 | AP46: 0 | AQ46: 0 | AR46: 0 | AS46: 0
B47: Platform DAU | C47: Video | D47: % | F47: =J47 -> 0.00057038643 | G47: =K47 -> 0.00058355695 | H47: =IFERROR(F47/G47-1,"-") -> -0.022569371 | J47: 0.00057038643 | K47: 0.00058355695 | L47: 0.00036754583 | M47: 0.00019807939 | N47: 8.7500228e-05 | O47: 3.7116454e-05 | P47: 7.1402531e-06 | Q47: 0 | R47: 0 | S47: 0 | T47: 0 | U47: 0 | V47: 0 | W47: 0 | X47: 0 | Y47: 0 | Z47: 0 | AA47: 0 | AB47: 0 | AC47: 0 | AD47: 0 | AE47: 0 | AF47: 0 | AG47: 0 | AH47: 0 | AI47: 0 | AJ47: 0 | AK47: 0 | AL47: 0 | AM47: 0 | AN47: 0 | AO47: 0 | AP47: 0 | AQ47: 0 | AR47: 0 | AS47: 0
B48: Platform DAU | C48: Undefined | D48: % | F48: =J48 -> 0.012011624 | G48: =K48 -> 0.012128267 | H48: =IFERROR(F48/G48-1,"-") -> -0.0096175044 | J48: 0.012011624 | K48: 0.012128267 | L48: 0.0066955402 | M48: 0.0060286606 | N48: 0.0038198172 | O48: 0.0078047306 | P48: 0.0043545677 | Q48: 0.0012690342 | R48: 0.0011127694 | S48: 0.0017336537 | T48: 0.0023449982 | U48: 0.0028178888 | V48: 0.0033866324 | W48: 0.0041616612 | X48: 0.0027498849 | Y48: 0.00040273398 | Z48: 1.9250447e-08 | AA48: 2.2562012e-08 | AB48: -1.256611e-16 | AC48: 3.8397585e-17 | AD48: -7.4727384e-17 | AE48: 0.0026384442 | AF48: -1.2065305e-16 | AG48: 2.9852164e-08 | AH48: 3.0165586e-06 | AI48: 0.00084721917 | AJ48: 8.6287975e-08 | AK48: 4.665285e-17 | AL48: -1.2910251e-16 | AM48: -5.4017636e-18 | AN48: 6.1618141e-17 | AO48: 1.4153836e-16 | AP48: 0 | AQ48: 5.8992335e-18 | AR48: -3.0046803e-17 | AS48: -1.7412396e-16
C50: Rev% by Seller Type | D50: UNIT
C51: Total | D51: % | F51: =J51 -> 1 | G51: =K51 -> 1 | H51: =IFERROR(F51/G51-1,"-") -> 0 | J51: 1 | K51: 1 | L51: 1 | M51: 1 | N51: 1 | O51: 1 | P51: 1 | Q51: 1 | R51: 1 | S51: 1 | T51: 1 | U51: 1 | V51: 1 | W51: 1 | X51: 1 | Y51: 1 | Z51: 1 | AA51: 1 | AB51: 1 | AC51: 1 | AD51: 1
C52: CB Rev% | D52: % | F52: =J52 -> 0.40892146 | G52: =K52 -> 0.38646673 | H52: =IFERROR(F52/G52-1,"-") -> 0.058102627 | J52: 0.40892146 | K52: 0.38646673 | L52: 0.40612188 | M52: 0.40408421 | N52: 0.42402321 | O52: 0.4078287 | P52: 0.41756607 | Q52: 0.4113316 | R52: 0.3716957 | S52: 0.37492673 | T52: 0.36703128 | U52: 0.35018884 | V52: 0.38036063 | W52: 0.37317237 | X52: 0.40938629 | Y52: 0 | Z52: 0 | AA52: 0 | AB52: 0 | AC52: 0 | AD52: 0
C53: Lovito(1p)% | D53: % | F53: =J53 -> 0.0014596484 | G53: =K53 -> 0.0015550163 | H53: =IFERROR(F53/G53-1,"-") -> -0.06132923 | J53: 0.0014596484 | K53: 0.0015550163 | L53: 0.0021502145 | M53: 0.0022125095 | N53: 0.003037018 | O53: 0.0027734049 | P53: 0.0026519318 | Q53: 0.0028899225 | R53: 0.0029195895 | S53: 0.0019599327 | T53: 0.002360485 | U53: 0.0030255617 | V53: 0.0026426414 | W53: 0.0021171547 | X53: 0.0021594836 | Y53: 0 | Z53: 0 | AA53: 0 | AB53: 0 | AC53: 0 | AD53: 0
C54: SCS(1p)% | D54: % | F54: =J54 -> 0.0069351189 | G54: =K54 -> 0.0061384191 | H54: =IFERROR(F54/G54-1,"-") -> 0.12978909 | J54: 0.0069351189 | K54: 0.0061384191 | L54: 0.0072213794 | M54: 0.0057232598 | N54: 0.006798177 | O54: 0.0082745993 | P54: 0.0079273736 | Q54: 0.0088705448 | R54: 0.0088953159 | S54: 0.0086328312 | T54: 0.0092438757 | U54: 0.010742655 | V54: 0.01032909 | W54: 0.0096346266 | X54: 0.028718783 | Y54: 0 | Z54: 0 | AA54: 0 | AB54: 0 | AC54: 0 | AD54: 0
C55: Others(3p)% | D55: % | F55: =J55 -> 0.22222969 | G55: =K55 -> 0.1998224 | H55: =IFERROR(F55/G55-1,"-") -> 0.11213606 | J55: 0.22222969 | K55: 0.1998224 | L55: 0.20343984 | M55: 0.20423132 | N55: 0.21638244 | O55: 0.20913403 | P55: 0.20051213 | Q55: 0.20579524 | R55: 0.20570449 | S55: 0.19435276 | T55: 0.18689736 | U55: 0.19534033 | V55: 0.18829942 | W55: 0.1730494 | X55: 0.16780113 | Y55: 0 | Z55: 0 | AA55: 0 | AB55: 0 | AC55: 0 | AD55: 0
C56: unknow% | D56: % | F56: =J56 -> 0.178297 | G56: =K56 -> 0.17895089 | H56: =IFERROR(F56/G56-1,"-") -> -0.003654057 | J56: 0.178297 | K56: 0.17895089 | L56: 0.19331044 | M56: 0.19191713 | N56: 0.19780558 | O56: 0.18764666 | P56: 0.20647464 | Q56: 0.19377589 | R56: 0.15417631 | S56: 0.1699812 | T56: 0.16852956 | U56: 0.14108029 | V56: 0.17908948 | W56: 0.18837119 | X56: 0.21070689 | Y56: 0 | Z56: 0 | AA56: 0 | AB56: 0 | AC56: 0 | AD56: 0
C57: Local Rev% | D57: % | F57: =J57 -> 0.59107854 | G57: =K57 -> 0.61353327 | H57: =IFERROR(F57/G57-1,"-") -> -0.036599045 | J57: 0.59107854 | K57: 0.61353327 | L57: 0.59387812 | M57: 0.59591579 | N57: 0.57597679 | O57: 0.5921713 | P57: 0.58243393 | Q57: 0.5886684 | R57: 0.6283043 | S57: 0.62507327 | T57: 0.63296872 | U57: 0.64981116 | V57: 0.61963937 | W57: 0.62682763 | X57: 0.59061371 | Y57: 1 | Z57: 1 | AA57: 1 | AB57: 1 | AC57: 1 | AD57: 1
C60: Total | F60: =F3 -> 45992 | G60: =G3 -> 45962 | H60: MOM | K60: 45474 | L60: 45444 | M60: MOM
C61: CB Rev | F61: =F$14*F52 -> 176267.21 | G61: =G$14*G52 -> 193997.92 | H61: =F61/G61-1 -> -0.091396362 | K61: =K$14*K52 -> 193997.92 | L61: =L$14*L52 -> 174205.53 | M61: =K61/L61-1 -> 0.11361513
C62: Lovito(1p) | F62: =F$14*F53 -> 629.18721 | G62: =G$14*G53 -> 780.58448 | H62: =F62/G62-1 -> -0.19395373 | K62: =K$14*K53 -> 780.58448 | L62: =L$14*L53 -> 922.33214 | M62: =K62/L62-1 -> -0.15368396
C63: SCS(1p) | F63: =F$14*F54 -> 2989.4105 | G63: =G$14*G54 -> 3081.3533 | H63: =F63/G63-1 -> -0.02983846 | K63: =K$14*K54 -> 3081.3533 | L63: =L$14*L54 -> 3097.6027 | M63: =K63/L63-1 -> -0.0052458117
C64: Others(3p) | F64: =F$14*F55 -> 95792.989 | G64: =G$14*G55 -> 100306.51 | H64: =F64/G64-1 -> -0.044997293 | K64: =K$14*K55 -> 100306.51 | L64: =L$14*L55 -> 87265.297 | M64: =K64/L64-1 -> 0.14944329
C65: unknow | F65: =F$14*F56 -> 76855.627 | G65: =G$14*G56 -> 89829.469 | H65: =F65/G65-1 -> -0.14442746 | K65: =K$14*K56 -> 89829.469 | L65: =L$14*L56 -> 82920.301 | M65: =K65/L65-1 -> 0.083322994
C66: Local Rev | F66: =F$14*F57 -> 254786.75 | G66: =G$14*G57 -> 307980.4 | H66: =F66/G66-1 -> -0.17271766 | K66: =K$14*K57 -> 307980.4 | L66: =L$14*L57 -> 254743.36 | M66: =K66/L66-1 -> 0.20898302

Sheet TW
C1: Region:TW
H2: Updated Date | J2: =ID!J2 -> 46000
C3: S&R&A Monthly Metrics | F3: =J3 -> 45992 | G3: =K3 -> 45962 | H3: MoM % | J3: 45992 | K3: 45962 | L3: 45931 | M3: 45901 | N3: 45870 | O3: 45839 | P3: 45809 | Q3: 45778 | R3: 45748 | S3: 45717 | T3: 45689 | U3: 45658 | V3: 45627 | W3: 45597 | X3: 45566 | Y3: 45536 | Z3: 45505 | AA3: 45474 | AB3: 45444 | AC3: 45413 | AD3: 45383 | AE3: 45352 | AF3: 45323 | AG3: 45292 | AH3: 45261 | AI3: 45231 | AJ3: 45200 | AK3: 45170 | AL3: 45139 | AM3: 45108 | AN3: 45078 | AO3: 45047 | AP3: 45017 | AQ3: 44986 | AR3: 44958 | AS3: 44927 | AT3: 44896 | AU3: 44866 | AV3: 44835 | AW3: 44805 | AX3: 44774 | AY3: 44743 | AZ3: 44713 | BA3: 44682 | BB3: 44652 | BC3: 44621 | BD3: 44593 | BE3: 44562
D5: UNIT
B6: Platform DAU | C6: Platform DAU | D6: # | F6: =J6 -> 6658683.2 | G6: =K6 -> 6793798.9 | H6: =IFERROR(F6/G6-1,"-") -> -0.019888094 | J6: 6658683.2 | K6: 6793798.9 | L6: 6590179.7 | M6: 6389851.8 | N6: 6464873.3 | O6: 6284833.3 | P6: 6439060.1 | Q6: 6406379.9 | R6: 6400067.1 | S6: 6413207.8 | T6: 6433061.7 | U6: 6112085.5 | V6: 6293843.6 | W6: 6309385.3 | X6: 6160748.4 | Y6: 6093155.3 | Z6: 5997989.1 | AA6: 5937753.2 | AB6: 5906407.4 | AC6: 5869277.7 | AD6: 5831351.6 | AE6: 5911489.4 | AF6: 5704013.4 | AG6: 5952190.2 | AH6: 5891725.4 | AI6: 5990879.8 | AJ6: 5760880.4 | AK6: 5709866.6 | AL6: 5640669.7 | AM6: 5583485.4 | AN6: 5592676.7 | AO6: 5853219.3 | AP6: 5878764.7 | AQ6: 5983325.1 | AR6: 5936495 | AS6: 5651671.9 | AT6: 5927583.5 | AU6: 5923943 | AV6: 5519464.3 | AW6: 5393597.7 | AX6: 5228419.5 | AY6: 5177080.8 | AZ6: 5223593.2 | BA6: 5140770.5 | BB6: 5134801.9 | BC6: 5152367.9 | BD6: 5022763.8 | BE6: 4943822.6
B8: Avg No. of Modules in HP Layout | C8: Buyer | D8: # | F8: =J8 -> 932454 | G8: =K8 -> 964629.73 | H8: =IFERROR(F8/G8-1,"-") -> -0.033355527 | J8: 932454 | K8: 964629.73 | L8: 879772.68 | M8: 896145.4 | N8: 881026.52 | O8: 858563.74 | P8: 889893.23 | Q8: 869025.77 | R8: 857555.2 | S8: 872371.35 | T8: 890410.71 | U8: 801252.42 | V8: 891119.81 | W8: 882901.97 | X8: 846277.42 | Y8: 839076.23 | Z8: 825482.26 | AA8: 810074.97 | AB8: 803577.6 | AC8: 791693.97 | AD8: 770728.27 | AE8: 794162.97 | AF8: 719809 | AG8: 797319.65 | AH8: 768696.61 | AI8: 798670.43 | AJ8: 742594.81 | AK8: 735881.93 | AL8: 739099.87 | AM8: 720183.84 | AN8: 711410.8 | AO8: 738001 | AP8: 747069.77 | AQ8: 760850.26 | AR8: 778254.46 | AS8: 677706.19 | AT8: 785383.87 | AU8: 778435.7 | AV8: 729528.52 | AW8: 717165.73 | AX8: 712083.32 | AY8: 685112.32
B9: Avg No. of Modules in HP Layout | C9: Buyer% | D9: % | F9: =J9 -> 0.1400358 | G9: =K9 -> 0.14198679 | H9: =IFERROR(F9/G9-1,"-") -> -0.01374071 | J9: 0.1400358 | K9: 0.14198679 | L9: 0.13349752 | M9: 0.1402451 | N9: 0.13627901 | O9: 0.13660883 | P9: 0.13820235 | Q9: 0.13565005 | R9: 0.1339916 | S9: 0.1360273 | T9: 0.13841166 | U9: 0.13109313 | V9: 0.14158595 | W9: 0.1399347 | X9: 0.13736601 | Y9: 0.137708 | Z9: 0.1376265 | AA9: 0.13642786 | AB9: 0.13605184 | AC9: 0.1348878 | AD9: 0.13216975 | AE9: 0.13434228 | AF9: 0.12619343 | AG9: 0.13395399 | AH9: 0.13047054 | AI9: 0.13331438 | AJ9: 0.12890301 | AK9: 0.12887901 | AL9: 0.13103052 | AM9: 0.12898464 | AN9: 0.12720399 | AO9: 0.12608463 | AP9: 0.12707938 | AQ9: 0.12716178 | AR9: 0.13109663 | AS9: 0.11991252 | AT9: 0.13249647 | AU9: 0.131405 | AV9: 0.13217379 | AW9: 0.13296612 | AX9: 0.13619476 | AY9: 0.13233564
B10: Avg No. of Modules in HP Layout | C10: Order | D10: # | F10: =J10 -> 1417747.8 | G10: =K10 -> 1569164.1 | H10: =IFERROR(F10/G10-1,"-") -> -0.096494874 | J10: 1417747.8 | K10: 1569164.1 | L10: 1341743.7 | M10: 1371168.7 | N10: 1339259.8 | O10: 1301788.3 | P10: 1375714.3 | Q10: 1311189.2 | R10: 1305443.4 | S10: 1321823.5 | T10: 1356160.7 | U10: 1228486.1 | V10: 1381301.6 | W10: 1426633.8 | X10: 1298734.3 | Y10: 1278539.6 | Z10: 1253599.6 | AA10: 1232846.9 | AB10: 1238708.8 | AC10: 1198359.5 | AD10: 1158230.7 | AE10: 1198759.7 | AF10: 1093411.5 | AG10: 1222368.6 | AH10: 1193594.2 | AI10: 1311182.7 | AJ10: 1133520.7 | AK10: 1122802.3 | AL10: 1102594.4 | AM10: 1060682.3 | AN10: 1093823.5 | AO10: 1097124.2 | AP10: 1116340.2 | AQ10: 1134127.9 | AR10: 1159237.3 | AS10: 1017288.3 | AT10: 1222979 | AU10: 1268681.4 | AV10: 1116317.5 | AW10: 1111377.3 | AX10: 1082927 | AY10: 1036325.3
C11: Order/U | D11: # | F11: =J11 -> 0.21291714 | G11: =K11 -> 0.23097005 | H11: =IFERROR(F11/G11-1,"-") -> -0.078161259 | J11: 0.21291714 | K11: 0.23097005 | L11: 0.20359744 | M11: 0.21458537 | N11: 0.20715948 | O11: 0.20713171 | P11: 0.21365141 | Q11: 0.20466928 | R11: 0.20397339 | S11: 0.20610956 | T11: 0.21081109 | U11: 0.20099296 | V11: 0.2194687 | W11: 0.22611296 | X11: 0.21080787 | Y11: 0.20983211 | Z11: 0.20900332 | AA11: 0.20762853 | AB11: 0.20972289 | AC11: 0.20417496 | AD11: 0.1986213 | AE11: 0.20278471 | AF11: 0.19169161 | AG11: 0.20536451 | AH11: 0.20258823 | AI11: 0.21886313 | AJ11: 0.19676171 | AK11: 0.19664248 | AL11: 0.19547225 | AM11: 0.18996777 | AN11: 0.19558139 | AO11: 0.18743944 | AP11: 0.18989366 | AQ11: 0.18954809 | AR11: 0.19527302 | AS11: 0.17999776 | AT11: 0.20631999 | AU11: 0.21416166 | AV11: 0.20225106 | AW11: 0.20605491 | AX11: 0.2071232 | AY11: 0.20017561
B12: HP UV | C12: GMV | D12: # | F12: =J12 -> 31225823 | G12: =K12 -> 39535954 | H12: =IFERROR(F12/G12-1,"-") -> -0.21019173 | J12: 31225823 | K12: 39535954 | L12: 32911743 | M12: 33622268 | N12: 32203261 | O12: 32102248 | P12: 34625302 | Q12: 30001480 | R12: 28930854 | S12: 29722633 | T12: 31305768 | U12: 28616214 | V12: 31893809 | W12: 34466684 | X12: 30223801 | Y12: 29880728 | Z12: 27505475 | AA12: 27520786 | AB12: 28173401 | AC12: 27020195 | AD12: 26993886 | AE12: 27825175 | AF12: 26238456 | AG12: 30023704 | AH12: 28955038 | AI12: 32156777 | AJ12: 27583765 | AK12: 28037151 | AL12: 27097772 | AM12: 26570388 | AN12: 28267269 | AO12: 27639210 | AP12: 28707368 | AQ12: 28855909 | AR12: 30497568 | AS12: 27197738 | AT12: 30872520 | AU12: 31194689 | AV12: 27317281 | AW12: 28730118 | AX12: 27638043 | AY12: 26845290
B14: Avg No. of Modules in HP Layout | C14: Ads Gross Rev | D14: # | F14: =J14 -> 1280388.6 | G14: =K14 -> 1361717.7 | H14: =IFERROR(F14/G14-1,"-") -> -0.059725367 | J14: 1280388.6 | K14: 1361717.7 | L14: 1153090.3 | M14: 1141334.2 | N14: 1092459.1 | O14: 1096433.1 | P14: 1104946.3 | Q14: 917103.09 | R14: 822320.86 | S14: 814868.71 | T14: 802252.76 | U14: 779635.45 | V14: 897246.28 | W14: 898832.76 | X14: 774414.48 | Y14: 733771.27 | Z14: 693890.94 | AA14: 692563 | AB14: 689679.6 | AC14: 634739.69 | AD14: 629560.42 | AE14: 635250.31 | AF14: 561739.97 | AG14: 661829.4 | AH14: 671569.26 | AI14: 704547.08 | AJ14: 613356.4 | AK14: 621401.67 | AL14: 617894.48 | AM14: 620909.94 | AN14: 631068.57 | AO14: 600066.4 | AP14: 621568.34 | AQ14: 611880.24 | AR14: 616539.92 | AS14: 548865.94
